indicator,date,value
REAL_GDP,2024-01-01,23305.023
REAL_GDP,2023-01-01,22671.096
REAL_GDP,2022-01-01,22034.828
REAL_GDP,2021-01-01,21494.798
REAL_GDP,2020-01-01,20267.585
REAL_GDP,2019-01-01,20715.671
REAL_GDP,2018-01-01,20193.896
REAL_GDP,2017-01-01,19612.102
REAL_GDP,2016-01-01,19141.672
REAL_GDP,2015-01-01,18799.622
REAL_GDP,2014-01-01,18261.714
REAL_GDP,2013-01-01,17812.167
REAL_GDP,2012-01-01,17442.759
REAL_GDP,2011-01-01,17052.41
REAL_GDP,2010-01-01,16789.75
REAL_GDP,2009-01-01,16349.11
REAL_GDP,2008-01-01,16781.485
REAL_GDP,2007-01-01,16762.445
REAL_GDP,2006-01-01,16433.148
REAL_GDP,2005-01-01,15987.957
REAL_GDP,2004-01-01,15449.757
REAL_GDP,2003-01-01,14877.312
REAL_GDP,2002-01-01,14472.712
REAL_GDP,2001-01-01,14230.726
REAL_GDP,2000-01-01,14096.033
REAL_GDP,1999-01-01,13543.774
REAL_GDP,1998-01-01,12924.876
REAL_GDP,1997-01-01,12370.299
REAL_GDP,1996-01-01,11843.599
REAL_GDP,1995-01-01,11413.012
REAL_GDP,1994-01-01,11114.647
REAL_GDP,1993-01-01,10684.179
REAL_GDP,1992-01-01,10398.046
REAL_GDP,1991-01-01,10044.238
REAL_GDP,1990-01-01,10055.129
REAL_GDP,1989-01-01,9869.003
REAL_GDP,1988-01-01,9519.427
REAL_GDP,1987-01-01,9137.745
REAL_GDP,1986-01-01,8832.611
REAL_GDP,1985-01-01,8537.004
REAL_GDP,1984-01-01,8195.295
REAL_GDP,1983-01-01,7642.266
REAL_GDP,1982-01-01,7307.314
REAL_GDP,1981-01-01,7441.485
REAL_GDP,1980-01-01,7257.316
REAL_GDP,1979-01-01,7275.999
REAL_GDP,1978-01-01,7052.711
REAL_GDP,1977-01-01,6682.804
REAL_GDP,1976-01-01,6387.437
REAL_GDP,1975-01-01,6060.875
REAL_GDP,1974-01-01,6073.363
REAL_GDP,1973-01-01,6106.371
REAL_GDP,1972-01-01,5780.048
REAL_GDP,1971-01-01,5491.445
REAL_GDP,1970-01-01,5316.391
REAL_GDP,1969-01-01,5306.594
REAL_GDP,1968-01-01,5145.914
REAL_GDP,1967-01-01,4904.864
REAL_GDP,1966-01-01,4773.931
REAL_GDP,1965-01-01,4478.555
REAL_GDP,1964-01-01,4205.277
REAL_GDP,1963-01-01,3976.142
REAL_GDP,1962-01-01,3810.124
REAL_GDP,1961-01-01,3590.066
REAL_GDP,1960-01-01,3500.272
REAL_GDP,1959-01-01,3412.421
REAL_GDP,1958-01-01,3191.216
REAL_GDP,1957-01-01,3215.065
REAL_GDP,1956-01-01,3148.765
REAL_GDP,1955-01-01,3083.026
REAL_GDP,1954-01-01,2877.708
REAL_GDP,1953-01-01,2894.411
REAL_GDP,1952-01-01,2764.803
REAL_GDP,1951-01-01,2656.32
REAL_GDP,1950-01-01,2458.532
REAL_GDP,1949-01-01,2261.928
REAL_GDP,1948-01-01,2274.627
REAL_GDP,1947-01-01,2184.614
REAL_GDP,1946-01-01,2209.911
REAL_GDP,1945-01-01,2500.057
REAL_GDP,1944-01-01,2524.752
REAL_GDP,1943-01-01,2338.761
REAL_GDP,1942-01-01,1998.542
REAL_GDP,1941-01-01,1681.049
REAL_GDP,1940-01-01,1428.075
REAL_GDP,1939-01-01,1312.365
REAL_GDP,1938-01-01,1214.869
REAL_GDP,1937-01-01,1256.503
REAL_GDP,1936-01-01,1195.251
REAL_GDP,1935-01-01,1058.836
REAL_GDP,1934-01-01,972.263
REAL_GDP,1933-01-01,877.431
REAL_GDP,1932-01-01,888.414
REAL_GDP,1931-01-01,1019.977
REAL_GDP,1930-01-01,1089.785
REAL_GDP,1929-01-01,1191.124
FEDERAL_FUNDS_RATE,2025-03-01,4.33
FEDERAL_FUNDS_RATE,2025-02-01,4.33
FEDERAL_FUNDS_RATE,2025-01-01,4.33
FEDERAL_FUNDS_RATE,2024-12-01,4.48
FEDERAL_FUNDS_RATE,2024-11-01,4.64
FEDERAL_FUNDS_RATE,2024-10-01,4.83
FEDERAL_FUNDS_RATE,2024-09-01,5.13
FEDERAL_FUNDS_RATE,2024-08-01,5.33
FEDERAL_FUNDS_RATE,2024-07-01,5.33
FEDERAL_FUNDS_RATE,2024-06-01,5.33
FEDERAL_FUNDS_RATE,2024-05-01,5.33
FEDERAL_FUNDS_RATE,2024-04-01,5.33
FEDERAL_FUNDS_RATE,2024-03-01,5.33
FEDERAL_FUNDS_RATE,2024-02-01,5.33
FEDERAL_FUNDS_RATE,2024-01-01,5.33
FEDERAL_FUNDS_RATE,2023-12-01,5.33
FEDERAL_FUNDS_RATE,2023-11-01,5.33
FEDERAL_FUNDS_RATE,2023-10-01,5.33
FEDERAL_FUNDS_RATE,2023-09-01,5.33
FEDERAL_FUNDS_RATE,2023-08-01,5.33
FEDERAL_FUNDS_RATE,2023-07-01,5.12
FEDERAL_FUNDS_RATE,2023-06-01,5.08
FEDERAL_FUNDS_RATE,2023-05-01,5.06
FEDERAL_FUNDS_RATE,2023-04-01,4.83
FEDERAL_FUNDS_RATE,2023-03-01,4.65
FEDERAL_FUNDS_RATE,2023-02-01,4.57
FEDERAL_FUNDS_RATE,2023-01-01,4.33
FEDERAL_FUNDS_RATE,2022-12-01,4.10
FEDERAL_FUNDS_RATE,2022-11-01,3.78
FEDERAL_FUNDS_RATE,2022-10-01,3.08
FEDERAL_FUNDS_RATE,2022-09-01,2.56
FEDERAL_FUNDS_RATE,2022-08-01,2.33
FEDERAL_FUNDS_RATE,2022-07-01,1.68
FEDERAL_FUNDS_RATE,2022-06-01,1.21
FEDERAL_FUNDS_RATE,2022-05-01,0.77
FEDERAL_FUNDS_RATE,2022-04-01,0.33
FEDERAL_FUNDS_RATE,2022-03-01,0.20
FEDERAL_FUNDS_RATE,2022-02-01,0.08
FEDERAL_FUNDS_RATE,2022-01-01,0.08
FEDERAL_FUNDS_RATE,2021-12-01,0.08
FEDERAL_FUNDS_RATE,2021-11-01,0.08
FEDERAL_FUNDS_RATE,2021-10-01,0.08
FEDERAL_FUNDS_RATE,2021-09-01,0.08
FEDERAL_FUNDS_RATE,2021-08-01,0.09
FEDERAL_FUNDS_RATE,2021-07-01,0.10
FEDERAL_FUNDS_RATE,2021-06-01,0.08
FEDERAL_FUNDS_RATE,2021-05-01,0.06
FEDERAL_FUNDS_RATE,2021-04-01,0.07
FEDERAL_FUNDS_RATE,2021-03-01,0.07
FEDERAL_FUNDS_RATE,2021-02-01,0.08
FEDERAL_FUNDS_RATE,2021-01-01,0.09
FEDERAL_FUNDS_RATE,2020-12-01,0.09
FEDERAL_FUNDS_RATE,2020-11-01,0.09
FEDERAL_FUNDS_RATE,2020-10-01,0.09
FEDERAL_FUNDS_RATE,2020-09-01,0.09
FEDERAL_FUNDS_RATE,2020-08-01,0.10
FEDERAL_FUNDS_RATE,2020-07-01,0.09
FEDERAL_FUNDS_RATE,2020-06-01,0.08
FEDERAL_FUNDS_RATE,2020-05-01,0.05
FEDERAL_FUNDS_RATE,2020-04-01,0.05
FEDERAL_FUNDS_RATE,2020-03-01,0.65
FEDERAL_FUNDS_RATE,2020-02-01,1.58
FEDERAL_FUNDS_RATE,2020-01-01,1.55
FEDERAL_FUNDS_RATE,2019-12-01,1.55
FEDERAL_FUNDS_RATE,2019-11-01,1.55
FEDERAL_FUNDS_RATE,2019-10-01,1.83
FEDERAL_FUNDS_RATE,2019-09-01,2.04
FEDERAL_FUNDS_RATE,2019-08-01,2.13
FEDERAL_FUNDS_RATE,2019-07-01,2.40
FEDERAL_FUNDS_RATE,2019-06-01,2.38
FEDERAL_FUNDS_RATE,2019-05-01,2.39
FEDERAL_FUNDS_RATE,2019-04-01,2.42
FEDERAL_FUNDS_RATE,2019-03-01,2.41
FEDERAL_FUNDS_RATE,2019-02-01,2.40
FEDERAL_FUNDS_RATE,2019-01-01,2.40
FEDERAL_FUNDS_RATE,2018-12-01,2.27
FEDERAL_FUNDS_RATE,2018-11-01,2.20
FEDERAL_FUNDS_RATE,2018-10-01,2.19
FEDERAL_FUNDS_RATE,2018-09-01,1.95
FEDERAL_FUNDS_RATE,2018-08-01,1.91
FEDERAL_FUNDS_RATE,2018-07-01,1.91
FEDERAL_FUNDS_RATE,2018-06-01,1.82
FEDERAL_FUNDS_RATE,2018-05-01,1.70
FEDERAL_FUNDS_RATE,2018-04-01,1.69
FEDERAL_FUNDS_RATE,2018-03-01,1.51
FEDERAL_FUNDS_RATE,2018-02-01,1.42
FEDERAL_FUNDS_RATE,2018-01-01,1.41
FEDERAL_FUNDS_RATE,2017-12-01,1.30
FEDERAL_FUNDS_RATE,2017-11-01,1.16
FEDERAL_FUNDS_RATE,2017-10-01,1.15
FEDERAL_FUNDS_RATE,2017-09-01,1.15
FEDERAL_FUNDS_RATE,2017-08-01,1.16
FEDERAL_FUNDS_RATE,2017-07-01,1.15
FEDERAL_FUNDS_RATE,2017-06-01,1.04
FEDERAL_FUNDS_RATE,2017-05-01,0.91
FEDERAL_FUNDS_RATE,2017-04-01,0.90
FEDERAL_FUNDS_RATE,2017-03-01,0.79
FEDERAL_FUNDS_RATE,2017-02-01,0.66
FEDERAL_FUNDS_RATE,2017-01-01,0.65
FEDERAL_FUNDS_RATE,2016-12-01,0.54
FEDERAL_FUNDS_RATE,2016-11-01,0.41
FEDERAL_FUNDS_RATE,2016-10-01,0.40
FEDERAL_FUNDS_RATE,2016-09-01,0.40
FEDERAL_FUNDS_RATE,2016-08-01,0.40
FEDERAL_FUNDS_RATE,2016-07-01,0.39
FEDERAL_FUNDS_RATE,2016-06-01,0.38
FEDERAL_FUNDS_RATE,2016-05-01,0.37
FEDERAL_FUNDS_RATE,2016-04-01,0.37
FEDERAL_FUNDS_RATE,2016-03-01,0.36
FEDERAL_FUNDS_RATE,2016-02-01,0.38
FEDERAL_FUNDS_RATE,2016-01-01,0.34
FEDERAL_FUNDS_RATE,2015-12-01,0.24
FEDERAL_FUNDS_RATE,2015-11-01,0.12
FEDERAL_FUNDS_RATE,2015-10-01,0.12
FEDERAL_FUNDS_RATE,2015-09-01,0.14
FEDERAL_FUNDS_RATE,2015-08-01,0.14
FEDERAL_FUNDS_RATE,2015-07-01,0.13
FEDERAL_FUNDS_RATE,2015-06-01,0.13
FEDERAL_FUNDS_RATE,2015-05-01,0.12
FEDERAL_FUNDS_RATE,2015-04-01,0.12
FEDERAL_FUNDS_RATE,2015-03-01,0.11
FEDERAL_FUNDS_RATE,2015-02-01,0.11
FEDERAL_FUNDS_RATE,2015-01-01,0.11
FEDERAL_FUNDS_RATE,2014-12-01,0.12
FEDERAL_FUNDS_RATE,2014-11-01,0.09
FEDERAL_FUNDS_RATE,2014-10-01,0.09
FEDERAL_FUNDS_RATE,2014-09-01,0.09
FEDERAL_FUNDS_RATE,2014-08-01,0.09
FEDERAL_FUNDS_RATE,2014-07-01,0.09
FEDERAL_FUNDS_RATE,2014-06-01,0.10
FEDERAL_FUNDS_RATE,2014-05-01,0.09
FEDERAL_FUNDS_RATE,2014-04-01,0.09
FEDERAL_FUNDS_RATE,2014-03-01,0.08
FEDERAL_FUNDS_RATE,2014-02-01,0.07
FEDERAL_FUNDS_RATE,2014-01-01,0.07
FEDERAL_FUNDS_RATE,2013-12-01,0.09
FEDERAL_FUNDS_RATE,2013-11-01,0.08
FEDERAL_FUNDS_RATE,2013-10-01,0.09
FEDERAL_FUNDS_RATE,2013-09-01,0.08
FEDERAL_FUNDS_RATE,2013-08-01,0.08
FEDERAL_FUNDS_RATE,2013-07-01,0.09
FEDERAL_FUNDS_RATE,2013-06-01,0.09
FEDERAL_FUNDS_RATE,2013-05-01,0.11
FEDERAL_FUNDS_RATE,2013-04-01,0.15
FEDERAL_FUNDS_RATE,2013-03-01,0.14
FEDERAL_FUNDS_RATE,2013-02-01,0.15
FEDERAL_FUNDS_RATE,2013-01-01,0.14
FEDERAL_FUNDS_RATE,2012-12-01,0.16
FEDERAL_FUNDS_RATE,2012-11-01,0.16
FEDERAL_FUNDS_RATE,2012-10-01,0.16
FEDERAL_FUNDS_RATE,2012-09-01,0.14
FEDERAL_FUNDS_RATE,2012-08-01,0.13
FEDERAL_FUNDS_RATE,2012-07-01,0.16
FEDERAL_FUNDS_RATE,2012-06-01,0.16
FEDERAL_FUNDS_RATE,2012-05-01,0.16
FEDERAL_FUNDS_RATE,2012-04-01,0.14
FEDERAL_FUNDS_RATE,2012-03-01,0.13
FEDERAL_FUNDS_RATE,2012-02-01,0.10
FEDERAL_FUNDS_RATE,2012-01-01,0.08
FEDERAL_FUNDS_RATE,2011-12-01,0.07
FEDERAL_FUNDS_RATE,2011-11-01,0.08
FEDERAL_FUNDS_RATE,2011-10-01,0.07
FEDERAL_FUNDS_RATE,2011-09-01,0.08
FEDERAL_FUNDS_RATE,2011-08-01,0.10
FEDERAL_FUNDS_RATE,2011-07-01,0.07
FEDERAL_FUNDS_RATE,2011-06-01,0.09
FEDERAL_FUNDS_RATE,2011-05-01,0.09
FEDERAL_FUNDS_RATE,2011-04-01,0.10
FEDERAL_FUNDS_RATE,2011-03-01,0.14
FEDERAL_FUNDS_RATE,2011-02-01,0.16
FEDERAL_FUNDS_RATE,2011-01-01,0.17
FEDERAL_FUNDS_RATE,2010-12-01,0.18
FEDERAL_FUNDS_RATE,2010-11-01,0.19
FEDERAL_FUNDS_RATE,2010-10-01,0.19
FEDERAL_FUNDS_RATE,2010-09-01,0.19
FEDERAL_FUNDS_RATE,2010-08-01,0.19
FEDERAL_FUNDS_RATE,2010-07-01,0.18
FEDERAL_FUNDS_RATE,2010-06-01,0.18
FEDERAL_FUNDS_RATE,2010-05-01,0.20
FEDERAL_FUNDS_RATE,2010-04-01,0.20
FEDERAL_FUNDS_RATE,2010-03-01,0.16
FEDERAL_FUNDS_RATE,2010-02-01,0.13
FEDERAL_FUNDS_RATE,2010-01-01,0.11
FEDERAL_FUNDS_RATE,2009-12-01,0.12
FEDERAL_FUNDS_RATE,2009-11-01,0.12
FEDERAL_FUNDS_RATE,2009-10-01,0.12
FEDERAL_FUNDS_RATE,2009-09-01,0.15
FEDERAL_FUNDS_RATE,2009-08-01,0.16
FEDERAL_FUNDS_RATE,2009-07-01,0.16
FEDERAL_FUNDS_RATE,2009-06-01,0.21
FEDERAL_FUNDS_RATE,2009-05-01,0.18
FEDERAL_FUNDS_RATE,2009-04-01,0.15
FEDERAL_FUNDS_RATE,2009-03-01,0.18
FEDERAL_FUNDS_RATE,2009-02-01,0.22
FEDERAL_FUNDS_RATE,2009-01-01,0.15
FEDERAL_FUNDS_RATE,2008-12-01,0.16
FEDERAL_FUNDS_RATE,2008-11-01,0.39
FEDERAL_FUNDS_RATE,2008-10-01,0.97
FEDERAL_FUNDS_RATE,2008-09-01,1.81
FEDERAL_FUNDS_RATE,2008-08-01,2.00
FEDERAL_FUNDS_RATE,2008-07-01,2.01
FEDERAL_FUNDS_RATE,2008-06-01,2.00
FEDERAL_FUNDS_RATE,2008-05-01,1.98
FEDERAL_FUNDS_RATE,2008-04-01,2.28
FEDERAL_FUNDS_RATE,2008-03-01,2.61
FEDERAL_FUNDS_RATE,2008-02-01,2.98
FEDERAL_FUNDS_RATE,2008-01-01,3.94
FEDERAL_FUNDS_RATE,2007-12-01,4.24
FEDERAL_FUNDS_RATE,2007-11-01,4.49
FEDERAL_FUNDS_RATE,2007-10-01,4.76
FEDERAL_FUNDS_RATE,2007-09-01,4.94
FEDERAL_FUNDS_RATE,2007-08-01,5.02
FEDERAL_FUNDS_RATE,2007-07-01,5.26
FEDERAL_FUNDS_RATE,2007-06-01,5.25
FEDERAL_FUNDS_RATE,2007-05-01,5.25
FEDERAL_FUNDS_RATE,2007-04-01,5.25
FEDERAL_FUNDS_RATE,2007-03-01,5.26
FEDERAL_FUNDS_RATE,2007-02-01,5.26
FEDERAL_FUNDS_RATE,2007-01-01,5.25
FEDERAL_FUNDS_RATE,2006-12-01,5.24
FEDERAL_FUNDS_RATE,2006-11-01,5.25
FEDERAL_FUNDS_RATE,2006-10-01,5.25
FEDERAL_FUNDS_RATE,2006-09-01,5.25
FEDERAL_FUNDS_RATE,2006-08-01,5.25
FEDERAL_FUNDS_RATE,2006-07-01,5.24
FEDERAL_FUNDS_RATE,2006-06-01,4.99
FEDERAL_FUNDS_RATE,2006-05-01,4.94
FEDERAL_FUNDS_RATE,2006-04-01,4.79
FEDERAL_FUNDS_RATE,2006-03-01,4.59
FEDERAL_FUNDS_RATE,2006-02-01,4.49
FEDERAL_FUNDS_RATE,2006-01-01,4.29
FEDERAL_FUNDS_RATE,2005-12-01,4.16
FEDERAL_FUNDS_RATE,2005-11-01,4.00
FEDERAL_FUNDS_RATE,2005-10-01,3.78
FEDERAL_FUNDS_RATE,2005-09-01,3.62
FEDERAL_FUNDS_RATE,2005-08-01,3.50
FEDERAL_FUNDS_RATE,2005-07-01,3.26
FEDERAL_FUNDS_RATE,2005-06-01,3.04
FEDERAL_FUNDS_RATE,2005-05-01,3.00
FEDERAL_FUNDS_RATE,2005-04-01,2.79
FEDERAL_FUNDS_RATE,2005-03-01,2.63
FEDERAL_FUNDS_RATE,2005-02-01,2.50
FEDERAL_FUNDS_RATE,2005-01-01,2.28
FEDERAL_FUNDS_RATE,2004-12-01,2.16
FEDERAL_FUNDS_RATE,2004-11-01,1.93
FEDERAL_FUNDS_RATE,2004-10-01,1.76
FEDERAL_FUNDS_RATE,2004-09-01,1.61
FEDERAL_FUNDS_RATE,2004-08-01,1.43
FEDERAL_FUNDS_RATE,2004-07-01,1.26
FEDERAL_FUNDS_RATE,2004-06-01,1.03
FEDERAL_FUNDS_RATE,2004-05-01,1.00
FEDERAL_FUNDS_RATE,2004-04-01,1.00
FEDERAL_FUNDS_RATE,2004-03-01,1.00
FEDERAL_FUNDS_RATE,2004-02-01,1.01
FEDERAL_FUNDS_RATE,2004-01-01,1.00
FEDERAL_FUNDS_RATE,2003-12-01,0.98
FEDERAL_FUNDS_RATE,2003-11-01,1.00
FEDERAL_FUNDS_RATE,2003-10-01,1.01
FEDERAL_FUNDS_RATE,2003-09-01,1.01
FEDERAL_FUNDS_RATE,2003-08-01,1.03
FEDERAL_FUNDS_RATE,2003-07-01,1.01
FEDERAL_FUNDS_RATE,2003-06-01,1.22
FEDERAL_FUNDS_RATE,2003-05-01,1.26
FEDERAL_FUNDS_RATE,2003-04-01,1.26
FEDERAL_FUNDS_RATE,2003-03-01,1.25
FEDERAL_FUNDS_RATE,2003-02-01,1.26
FEDERAL_FUNDS_RATE,2003-01-01,1.24
FEDERAL_FUNDS_RATE,2002-12-01,1.24
FEDERAL_FUNDS_RATE,2002-11-01,1.34
FEDERAL_FUNDS_RATE,2002-10-01,1.75
FEDERAL_FUNDS_RATE,2002-09-01,1.75
FEDERAL_FUNDS_RATE,2002-08-01,1.74
FEDERAL_FUNDS_RATE,2002-07-01,1.73
FEDERAL_FUNDS_RATE,2002-06-01,1.75
FEDERAL_FUNDS_RATE,2002-05-01,1.75
FEDERAL_FUNDS_RATE,2002-04-01,1.75
FEDERAL_FUNDS_RATE,2002-03-01,1.73
FEDERAL_FUNDS_RATE,2002-02-01,1.74
FEDERAL_FUNDS_RATE,2002-01-01,1.73
FEDERAL_FUNDS_RATE,2001-12-01,1.82
FEDERAL_FUNDS_RATE,2001-11-01,2.09
FEDERAL_FUNDS_RATE,2001-10-01,2.49
FEDERAL_FUNDS_RATE,2001-09-01,3.07
FEDERAL_FUNDS_RATE,2001-08-01,3.65
FEDERAL_FUNDS_RATE,2001-07-01,3.77
FEDERAL_FUNDS_RATE,2001-06-01,3.97
FEDERAL_FUNDS_RATE,2001-05-01,4.21
FEDERAL_FUNDS_RATE,2001-04-01,4.8
FEDERAL_FUNDS_RATE,2001-03-01,5.31
FEDERAL_FUNDS_RATE,2001-02-01,5.49
FEDERAL_FUNDS_RATE,2001-01-01,5.98
FEDERAL_FUNDS_RATE,2000-12-01,6.40
FEDERAL_FUNDS_RATE,2000-11-01,6.51
FEDERAL_FUNDS_RATE,2000-10-01,6.51
FEDERAL_FUNDS_RATE,2000-09-01,6.52
FEDERAL_FUNDS_RATE,2000-08-01,6.50
FEDERAL_FUNDS_RATE,2000-07-01,6.54
FEDERAL_FUNDS_RATE,2000-06-01,6.53
FEDERAL_FUNDS_RATE,2000-05-01,6.27
FEDERAL_FUNDS_RATE,2000-04-01,6.02
FEDERAL_FUNDS_RATE,2000-03-01,5.85
FEDERAL_FUNDS_RATE,2000-02-01,5.73
FEDERAL_FUNDS_RATE,2000-01-01,5.45
FEDERAL_FUNDS_RATE,1999-12-01,5.30
FEDERAL_FUNDS_RATE,1999-11-01,5.42
FEDERAL_FUNDS_RATE,1999-10-01,5.20
FEDERAL_FUNDS_RATE,1999-09-01,5.22
FEDERAL_FUNDS_RATE,1999-08-01,5.07
FEDERAL_FUNDS_RATE,1999-07-01,4.99
FEDERAL_FUNDS_RATE,1999-06-01,4.76
FEDERAL_FUNDS_RATE,1999-05-01,4.74
FEDERAL_FUNDS_RATE,1999-04-01,4.74
FEDERAL_FUNDS_RATE,1999-03-01,4.81
FEDERAL_FUNDS_RATE,1999-02-01,4.76
FEDERAL_FUNDS_RATE,1999-01-01,4.63
FEDERAL_FUNDS_RATE,1998-12-01,4.68
FEDERAL_FUNDS_RATE,1998-11-01,4.83
FEDERAL_FUNDS_RATE,1998-10-01,5.07
FEDERAL_FUNDS_RATE,1998-09-01,5.51
FEDERAL_FUNDS_RATE,1998-08-01,5.55
FEDERAL_FUNDS_RATE,1998-07-01,5.54
FEDERAL_FUNDS_RATE,1998-06-01,5.56
FEDERAL_FUNDS_RATE,1998-05-01,5.49
FEDERAL_FUNDS_RATE,1998-04-01,5.45
FEDERAL_FUNDS_RATE,1998-03-01,5.49
FEDERAL_FUNDS_RATE,1998-02-01,5.51
FEDERAL_FUNDS_RATE,1998-01-01,5.56
FEDERAL_FUNDS_RATE,1997-12-01,5.50
FEDERAL_FUNDS_RATE,1997-11-01,5.52
FEDERAL_FUNDS_RATE,1997-10-01,5.50
FEDERAL_FUNDS_RATE,1997-09-01,5.54
FEDERAL_FUNDS_RATE,1997-08-01,5.54
FEDERAL_FUNDS_RATE,1997-07-01,5.52
FEDERAL_FUNDS_RATE,1997-06-01,5.56
FEDERAL_FUNDS_RATE,1997-05-01,5.50
FEDERAL_FUNDS_RATE,1997-04-01,5.51
FEDERAL_FUNDS_RATE,1997-03-01,5.39
FEDERAL_FUNDS_RATE,1997-02-01,5.19
FEDERAL_FUNDS_RATE,1997-01-01,5.25
FEDERAL_FUNDS_RATE,1996-12-01,5.29
FEDERAL_FUNDS_RATE,1996-11-01,5.31
FEDERAL_FUNDS_RATE,1996-10-01,5.24
FEDERAL_FUNDS_RATE,1996-09-01,5.30
FEDERAL_FUNDS_RATE,1996-08-01,5.22
FEDERAL_FUNDS_RATE,1996-07-01,5.40
FEDERAL_FUNDS_RATE,1996-06-01,5.27
FEDERAL_FUNDS_RATE,1996-05-01,5.24
FEDERAL_FUNDS_RATE,1996-04-01,5.22
FEDERAL_FUNDS_RATE,1996-03-01,5.31
FEDERAL_FUNDS_RATE,1996-02-01,5.22
FEDERAL_FUNDS_RATE,1996-01-01,5.56
FEDERAL_FUNDS_RATE,1995-12-01,5.60
FEDERAL_FUNDS_RATE,1995-11-01,5.80
FEDERAL_FUNDS_RATE,1995-10-01,5.76
FEDERAL_FUNDS_RATE,1995-09-01,5.80
FEDERAL_FUNDS_RATE,1995-08-01,5.74
FEDERAL_FUNDS_RATE,1995-07-01,5.85
FEDERAL_FUNDS_RATE,1995-06-01,6.00
FEDERAL_FUNDS_RATE,1995-05-01,6.01
FEDERAL_FUNDS_RATE,1995-04-01,6.05
FEDERAL_FUNDS_RATE,1995-03-01,5.98
FEDERAL_FUNDS_RATE,1995-02-01,5.92
FEDERAL_FUNDS_RATE,1995-01-01,5.53
FEDERAL_FUNDS_RATE,1994-12-01,5.45
FEDERAL_FUNDS_RATE,1994-11-01,5.29
FEDERAL_FUNDS_RATE,1994-10-01,4.76
FEDERAL_FUNDS_RATE,1994-09-01,4.73
FEDERAL_FUNDS_RATE,1994-08-01,4.47
FEDERAL_FUNDS_RATE,1994-07-01,4.26
FEDERAL_FUNDS_RATE,1994-06-01,4.25
FEDERAL_FUNDS_RATE,1994-05-01,4.01
FEDERAL_FUNDS_RATE,1994-04-01,3.56
FEDERAL_FUNDS_RATE,1994-03-01,3.34
FEDERAL_FUNDS_RATE,1994-02-01,3.25
FEDERAL_FUNDS_RATE,1994-01-01,3.05
FEDERAL_FUNDS_RATE,1993-12-01,2.96
FEDERAL_FUNDS_RATE,1993-11-01,3.02
FEDERAL_FUNDS_RATE,1993-10-01,2.99
FEDERAL_FUNDS_RATE,1993-09-01,3.09
FEDERAL_FUNDS_RATE,1993-08-01,3.03
FEDERAL_FUNDS_RATE,1993-07-01,3.06
FEDERAL_FUNDS_RATE,1993-06-01,3.04
FEDERAL_FUNDS_RATE,1993-05-01,3.00
FEDERAL_FUNDS_RATE,1993-04-01,2.96
FEDERAL_FUNDS_RATE,1993-03-01,3.07
FEDERAL_FUNDS_RATE,1993-02-01,3.03
FEDERAL_FUNDS_RATE,1993-01-01,3.02
FEDERAL_FUNDS_RATE,1992-12-01,2.92
FEDERAL_FUNDS_RATE,1992-11-01,3.09
FEDERAL_FUNDS_RATE,1992-10-01,3.10
FEDERAL_FUNDS_RATE,1992-09-01,3.22
FEDERAL_FUNDS_RATE,1992-08-01,3.30
FEDERAL_FUNDS_RATE,1992-07-01,3.25
FEDERAL_FUNDS_RATE,1992-06-01,3.76
FEDERAL_FUNDS_RATE,1992-05-01,3.82
FEDERAL_FUNDS_RATE,1992-04-01,3.73
FEDERAL_FUNDS_RATE,1992-03-01,3.98
FEDERAL_FUNDS_RATE,1992-02-01,4.06
FEDERAL_FUNDS_RATE,1992-01-01,4.03
FEDERAL_FUNDS_RATE,1991-12-01,4.43
FEDERAL_FUNDS_RATE,1991-11-01,4.81
FEDERAL_FUNDS_RATE,1991-10-01,5.21
FEDERAL_FUNDS_RATE,1991-09-01,5.45
FEDERAL_FUNDS_RATE,1991-08-01,5.66
FEDERAL_FUNDS_RATE,1991-07-01,5.82
FEDERAL_FUNDS_RATE,1991-06-01,5.90
FEDERAL_FUNDS_RATE,1991-05-01,5.78
FEDERAL_FUNDS_RATE,1991-04-01,5.91
FEDERAL_FUNDS_RATE,1991-03-01,6.12
FEDERAL_FUNDS_RATE,1991-02-01,6.25
FEDERAL_FUNDS_RATE,1991-01-01,6.91
FEDERAL_FUNDS_RATE,1990-12-01,7.31
FEDERAL_FUNDS_RATE,1990-11-01,7.81
FEDERAL_FUNDS_RATE,1990-10-01,8.11
FEDERAL_FUNDS_RATE,1990-09-01,8.20
FEDERAL_FUNDS_RATE,1990-08-01,8.13
FEDERAL_FUNDS_RATE,1990-07-01,8.15
FEDERAL_FUNDS_RATE,1990-06-01,8.29
FEDERAL_FUNDS_RATE,1990-05-01,8.18
FEDERAL_FUNDS_RATE,1990-04-01,8.26
FEDERAL_FUNDS_RATE,1990-03-01,8.28
FEDERAL_FUNDS_RATE,1990-02-01,8.24
FEDERAL_FUNDS_RATE,1990-01-01,8.23
FEDERAL_FUNDS_RATE,1989-12-01,8.45
FEDERAL_FUNDS_RATE,1989-11-01,8.55
FEDERAL_FUNDS_RATE,1989-10-01,8.84
FEDERAL_FUNDS_RATE,1989-09-01,9.02
FEDERAL_FUNDS_RATE,1989-08-01,8.99
FEDERAL_FUNDS_RATE,1989-07-01,9.24
FEDERAL_FUNDS_RATE,1989-06-01,9.53
FEDERAL_FUNDS_RATE,1989-05-01,9.81
FEDERAL_FUNDS_RATE,1989-04-01,9.84
FEDERAL_FUNDS_RATE,1989-03-01,9.85
FEDERAL_FUNDS_RATE,1989-02-01,9.36
FEDERAL_FUNDS_RATE,1989-01-01,9.12
FEDERAL_FUNDS_RATE,1988-12-01,8.76
FEDERAL_FUNDS_RATE,1988-11-01,8.35
FEDERAL_FUNDS_RATE,1988-10-01,8.30
FEDERAL_FUNDS_RATE,1988-09-01,8.19
FEDERAL_FUNDS_RATE,1988-08-01,8.01
FEDERAL_FUNDS_RATE,1988-07-01,7.75
FEDERAL_FUNDS_RATE,1988-06-01,7.51
FEDERAL_FUNDS_RATE,1988-05-01,7.09
FEDERAL_FUNDS_RATE,1988-04-01,6.87
FEDERAL_FUNDS_RATE,1988-03-01,6.58
FEDERAL_FUNDS_RATE,1988-02-01,6.58
FEDERAL_FUNDS_RATE,1988-01-01,6.83
FEDERAL_FUNDS_RATE,1987-12-01,6.77
FEDERAL_FUNDS_RATE,1987-11-01,6.69
FEDERAL_FUNDS_RATE,1987-10-01,7.29
FEDERAL_FUNDS_RATE,1987-09-01,7.22
FEDERAL_FUNDS_RATE,1987-08-01,6.73
FEDERAL_FUNDS_RATE,1987-07-01,6.58
FEDERAL_FUNDS_RATE,1987-06-01,6.73
FEDERAL_FUNDS_RATE,1987-05-01,6.85
FEDERAL_FUNDS_RATE,1987-04-01,6.37
FEDERAL_FUNDS_RATE,1987-03-01,6.13
FEDERAL_FUNDS_RATE,1987-02-01,6.10
FEDERAL_FUNDS_RATE,1987-01-01,6.43
FEDERAL_FUNDS_RATE,1986-12-01,6.91
FEDERAL_FUNDS_RATE,1986-11-01,6.04
FEDERAL_FUNDS_RATE,1986-10-01,5.85
FEDERAL_FUNDS_RATE,1986-09-01,5.89
FEDERAL_FUNDS_RATE,1986-08-01,6.17
FEDERAL_FUNDS_RATE,1986-07-01,6.56
FEDERAL_FUNDS_RATE,1986-06-01,6.92
FEDERAL_FUNDS_RATE,1986-05-01,6.85
FEDERAL_FUNDS_RATE,1986-04-01,6.99
FEDERAL_FUNDS_RATE,1986-03-01,7.48
FEDERAL_FUNDS_RATE,1986-02-01,7.86
FEDERAL_FUNDS_RATE,1986-01-01,8.14
FEDERAL_FUNDS_RATE,1985-12-01,8.27
FEDERAL_FUNDS_RATE,1985-11-01,8.05
FEDERAL_FUNDS_RATE,1985-10-01,7.99
FEDERAL_FUNDS_RATE,1985-09-01,7.92
FEDERAL_FUNDS_RATE,1985-08-01,7.90
FEDERAL_FUNDS_RATE,1985-07-01,7.88
FEDERAL_FUNDS_RATE,1985-06-01,7.53
FEDERAL_FUNDS_RATE,1985-05-01,7.97
FEDERAL_FUNDS_RATE,1985-04-01,8.27
FEDERAL_FUNDS_RATE,1985-03-01,8.58
FEDERAL_FUNDS_RATE,1985-02-01,8.50
FEDERAL_FUNDS_RATE,1985-01-01,8.35
FEDERAL_FUNDS_RATE,1984-12-01,8.38
FEDERAL_FUNDS_RATE,1984-11-01,9.43
FEDERAL_FUNDS_RATE,1984-10-01,9.99
FEDERAL_FUNDS_RATE,1984-09-01,11.30
FEDERAL_FUNDS_RATE,1984-08-01,11.64
FEDERAL_FUNDS_RATE,1984-07-01,11.23
FEDERAL_FUNDS_RATE,1984-06-01,11.06
FEDERAL_FUNDS_RATE,1984-05-01,10.32
FEDERAL_FUNDS_RATE,1984-04-01,10.29
FEDERAL_FUNDS_RATE,1984-03-01,9.91
FEDERAL_FUNDS_RATE,1984-02-01,9.59
FEDERAL_FUNDS_RATE,1984-01-01,9.56
FEDERAL_FUNDS_RATE,1983-12-01,9.47
FEDERAL_FUNDS_RATE,1983-11-01,9.34
FEDERAL_FUNDS_RATE,1983-10-01,9.48
FEDERAL_FUNDS_RATE,1983-09-01,9.45
FEDERAL_FUNDS_RATE,1983-08-01,9.56
FEDERAL_FUNDS_RATE,1983-07-01,9.37
FEDERAL_FUNDS_RATE,1983-06-01,8.98
FEDERAL_FUNDS_RATE,1983-05-01,8.63
FEDERAL_FUNDS_RATE,1983-04-01,8.80
FEDERAL_FUNDS_RATE,1983-03-01,8.77
FEDERAL_FUNDS_RATE,1983-02-01,8.51
FEDERAL_FUNDS_RATE,1983-01-01,8.68
FEDERAL_FUNDS_RATE,1982-12-01,8.95
FEDERAL_FUNDS_RATE,1982-11-01,9.20
FEDERAL_FUNDS_RATE,1982-10-01,9.71
FEDERAL_FUNDS_RATE,1982-09-01,10.31
FEDERAL_FUNDS_RATE,1982-08-01,10.12
FEDERAL_FUNDS_RATE,1982-07-01,12.59
FEDERAL_FUNDS_RATE,1982-06-01,14.15
FEDERAL_FUNDS_RATE,1982-05-01,14.45
FEDERAL_FUNDS_RATE,1982-04-01,14.94
FEDERAL_FUNDS_RATE,1982-03-01,14.68
FEDERAL_FUNDS_RATE,1982-02-01,14.78
FEDERAL_FUNDS_RATE,1982-01-01,13.22
FEDERAL_FUNDS_RATE,1981-12-01,12.37
FEDERAL_FUNDS_RATE,1981-11-01,13.31
FEDERAL_FUNDS_RATE,1981-10-01,15.08
FEDERAL_FUNDS_RATE,1981-09-01,15.87
FEDERAL_FUNDS_RATE,1981-08-01,17.82
FEDERAL_FUNDS_RATE,1981-07-01,19.04
FEDERAL_FUNDS_RATE,1981-06-01,19.10
FEDERAL_FUNDS_RATE,1981-05-01,18.52
FEDERAL_FUNDS_RATE,1981-04-01,15.72
FEDERAL_FUNDS_RATE,1981-03-01,14.70
FEDERAL_FUNDS_RATE,1981-02-01,15.93
FEDERAL_FUNDS_RATE,1981-01-01,19.08
FEDERAL_FUNDS_RATE,1980-12-01,18.90
FEDERAL_FUNDS_RATE,1980-11-01,15.85
FEDERAL_FUNDS_RATE,1980-10-01,12.81
FEDERAL_FUNDS_RATE,1980-09-01,10.87
FEDERAL_FUNDS_RATE,1980-08-01,9.61
FEDERAL_FUNDS_RATE,1980-07-01,9.03
FEDERAL_FUNDS_RATE,1980-06-01,9.47
FEDERAL_FUNDS_RATE,1980-05-01,10.98
FEDERAL_FUNDS_RATE,1980-04-01,17.61
FEDERAL_FUNDS_RATE,1980-03-01,17.19
FEDERAL_FUNDS_RATE,1980-02-01,14.13
FEDERAL_FUNDS_RATE,1980-01-01,13.82
FEDERAL_FUNDS_RATE,1979-12-01,13.78
FEDERAL_FUNDS_RATE,1979-11-01,13.18
FEDERAL_FUNDS_RATE,1979-10-01,13.77
FEDERAL_FUNDS_RATE,1979-09-01,11.43
FEDERAL_FUNDS_RATE,1979-08-01,10.94
FEDERAL_FUNDS_RATE,1979-07-01,10.47
FEDERAL_FUNDS_RATE,1979-06-01,10.29
FEDERAL_FUNDS_RATE,1979-05-01,10.24
FEDERAL_FUNDS_RATE,1979-04-01,10.01
FEDERAL_FUNDS_RATE,1979-03-01,10.09
FEDERAL_FUNDS_RATE,1979-02-01,10.06
FEDERAL_FUNDS_RATE,1979-01-01,10.07
FEDERAL_FUNDS_RATE,1978-12-01,10.03
FEDERAL_FUNDS_RATE,1978-11-01,9.76
FEDERAL_FUNDS_RATE,1978-10-01,8.96
FEDERAL_FUNDS_RATE,1978-09-01,8.45
FEDERAL_FUNDS_RATE,1978-08-01,8.04
FEDERAL_FUNDS_RATE,1978-07-01,7.81
FEDERAL_FUNDS_RATE,1978-06-01,7.60
FEDERAL_FUNDS_RATE,1978-05-01,7.36
FEDERAL_FUNDS_RATE,1978-04-01,6.89
FEDERAL_FUNDS_RATE,1978-03-01,6.79
FEDERAL_FUNDS_RATE,1978-02-01,6.78
FEDERAL_FUNDS_RATE,1978-01-01,6.70
FEDERAL_FUNDS_RATE,1977-12-01,6.56
FEDERAL_FUNDS_RATE,1977-11-01,6.51
FEDERAL_FUNDS_RATE,1977-10-01,6.47
FEDERAL_FUNDS_RATE,1977-09-01,6.14
FEDERAL_FUNDS_RATE,1977-08-01,5.90
FEDERAL_FUNDS_RATE,1977-07-01,5.42
FEDERAL_FUNDS_RATE,1977-06-01,5.39
FEDERAL_FUNDS_RATE,1977-05-01,5.35
FEDERAL_FUNDS_RATE,1977-04-01,4.73
FEDERAL_FUNDS_RATE,1977-03-01,4.69
FEDERAL_FUNDS_RATE,1977-02-01,4.68
FEDERAL_FUNDS_RATE,1977-01-01,4.61
FEDERAL_FUNDS_RATE,1976-12-01,4.65
FEDERAL_FUNDS_RATE,1976-11-01,4.95
FEDERAL_FUNDS_RATE,1976-10-01,5.02
FEDERAL_FUNDS_RATE,1976-09-01,5.25
FEDERAL_FUNDS_RATE,1976-08-01,5.29
FEDERAL_FUNDS_RATE,1976-07-01,5.31
FEDERAL_FUNDS_RATE,1976-06-01,5.48
FEDERAL_FUNDS_RATE,1976-05-01,5.29
FEDERAL_FUNDS_RATE,1976-04-01,4.82
FEDERAL_FUNDS_RATE,1976-03-01,4.84
FEDERAL_FUNDS_RATE,1976-02-01,4.77
FEDERAL_FUNDS_RATE,1976-01-01,4.87
FEDERAL_FUNDS_RATE,1975-12-01,5.20
FEDERAL_FUNDS_RATE,1975-11-01,5.22
FEDERAL_FUNDS_RATE,1975-10-01,5.82
FEDERAL_FUNDS_RATE,1975-09-01,6.24
FEDERAL_FUNDS_RATE,1975-08-01,6.14
FEDERAL_FUNDS_RATE,1975-07-01,6.10
FEDERAL_FUNDS_RATE,1975-06-01,5.55
FEDERAL_FUNDS_RATE,1975-05-01,5.22
FEDERAL_FUNDS_RATE,1975-04-01,5.49
FEDERAL_FUNDS_RATE,1975-03-01,5.54
FEDERAL_FUNDS_RATE,1975-02-01,6.24
FEDERAL_FUNDS_RATE,1975-01-01,7.13
FEDERAL_FUNDS_RATE,1974-12-01,8.53
FEDERAL_FUNDS_RATE,1974-11-01,9.45
FEDERAL_FUNDS_RATE,1974-10-01,10.06
FEDERAL_FUNDS_RATE,1974-09-01,11.34
FEDERAL_FUNDS_RATE,1974-08-01,12.01
FEDERAL_FUNDS_RATE,1974-07-01,12.92
FEDERAL_FUNDS_RATE,1974-06-01,11.93
FEDERAL_FUNDS_RATE,1974-05-01,11.31
FEDERAL_FUNDS_RATE,1974-04-01,10.51
FEDERAL_FUNDS_RATE,1974-03-01,9.35
FEDERAL_FUNDS_RATE,1974-02-01,8.97
FEDERAL_FUNDS_RATE,1974-01-01,9.65
FEDERAL_FUNDS_RATE,1973-12-01,9.95
FEDERAL_FUNDS_RATE,1973-11-01,10.03
FEDERAL_FUNDS_RATE,1973-10-01,10.01
FEDERAL_FUNDS_RATE,1973-09-01,10.78
FEDERAL_FUNDS_RATE,1973-08-01,10.50
FEDERAL_FUNDS_RATE,1973-07-01,10.40
FEDERAL_FUNDS_RATE,1973-06-01,8.49
FEDERAL_FUNDS_RATE,1973-05-01,7.84
FEDERAL_FUNDS_RATE,1973-04-01,7.12
FEDERAL_FUNDS_RATE,1973-03-01,7.09
FEDERAL_FUNDS_RATE,1973-02-01,6.58
FEDERAL_FUNDS_RATE,1973-01-01,5.94
FEDERAL_FUNDS_RATE,1972-12-01,5.33
FEDERAL_FUNDS_RATE,1972-11-01,5.06
FEDERAL_FUNDS_RATE,1972-10-01,5.05
FEDERAL_FUNDS_RATE,1972-09-01,4.87
FEDERAL_FUNDS_RATE,1972-08-01,4.81
FEDERAL_FUNDS_RATE,1972-07-01,4.55
FEDERAL_FUNDS_RATE,1972-06-01,4.46
FEDERAL_FUNDS_RATE,1972-05-01,4.27
FEDERAL_FUNDS_RATE,1972-04-01,4.17
FEDERAL_FUNDS_RATE,1972-03-01,3.83
FEDERAL_FUNDS_RATE,1972-02-01,3.30
FEDERAL_FUNDS_RATE,1972-01-01,3.51
FEDERAL_FUNDS_RATE,1971-12-01,4.14
FEDERAL_FUNDS_RATE,1971-11-01,4.91
FEDERAL_FUNDS_RATE,1971-10-01,5.20
FEDERAL_FUNDS_RATE,1971-09-01,5.55
FEDERAL_FUNDS_RATE,1971-08-01,5.57
FEDERAL_FUNDS_RATE,1971-07-01,5.31
FEDERAL_FUNDS_RATE,1971-06-01,4.91
FEDERAL_FUNDS_RATE,1971-05-01,4.63
FEDERAL_FUNDS_RATE,1971-04-01,4.16
FEDERAL_FUNDS_RATE,1971-03-01,3.71
FEDERAL_FUNDS_RATE,1971-02-01,3.72
FEDERAL_FUNDS_RATE,1971-01-01,4.14
FEDERAL_FUNDS_RATE,1970-12-01,4.90
FEDERAL_FUNDS_RATE,1970-11-01,5.60
FEDERAL_FUNDS_RATE,1970-10-01,6.20
FEDERAL_FUNDS_RATE,1970-09-01,6.29
FEDERAL_FUNDS_RATE,1970-08-01,6.62
FEDERAL_FUNDS_RATE,1970-07-01,7.21
FEDERAL_FUNDS_RATE,1970-06-01,7.61
FEDERAL_FUNDS_RATE,1970-05-01,7.95
FEDERAL_FUNDS_RATE,1970-04-01,8.10
FEDERAL_FUNDS_RATE,1970-03-01,7.76
FEDERAL_FUNDS_RATE,1970-02-01,8.98
FEDERAL_FUNDS_RATE,1970-01-01,8.98
FEDERAL_FUNDS_RATE,1969-12-01,8.97
FEDERAL_FUNDS_RATE,1969-11-01,8.85
FEDERAL_FUNDS_RATE,1969-10-01,9.00
FEDERAL_FUNDS_RATE,1969-09-01,9.15
FEDERAL_FUNDS_RATE,1969-08-01,9.19
FEDERAL_FUNDS_RATE,1969-07-01,8.61
FEDERAL_FUNDS_RATE,1969-06-01,8.90
FEDERAL_FUNDS_RATE,1969-05-01,8.67
FEDERAL_FUNDS_RATE,1969-04-01,7.41
FEDERAL_FUNDS_RATE,1969-03-01,6.79
FEDERAL_FUNDS_RATE,1969-02-01,6.61
FEDERAL_FUNDS_RATE,1969-01-01,6.30
FEDERAL_FUNDS_RATE,1968-12-01,6.02
FEDERAL_FUNDS_RATE,1968-11-01,5.82
FEDERAL_FUNDS_RATE,1968-10-01,5.91
FEDERAL_FUNDS_RATE,1968-09-01,5.78
FEDERAL_FUNDS_RATE,1968-08-01,6.03
FEDERAL_FUNDS_RATE,1968-07-01,6.03
FEDERAL_FUNDS_RATE,1968-06-01,6.07
FEDERAL_FUNDS_RATE,1968-05-01,6.12
FEDERAL_FUNDS_RATE,1968-04-01,5.76
FEDERAL_FUNDS_RATE,1968-03-01,5.05
FEDERAL_FUNDS_RATE,1968-02-01,4.71
FEDERAL_FUNDS_RATE,1968-01-01,4.61
FEDERAL_FUNDS_RATE,1967-12-01,4.51
FEDERAL_FUNDS_RATE,1967-11-01,4.13
FEDERAL_FUNDS_RATE,1967-10-01,3.88
FEDERAL_FUNDS_RATE,1967-09-01,3.99
FEDERAL_FUNDS_RATE,1967-08-01,3.90
FEDERAL_FUNDS_RATE,1967-07-01,3.79
FEDERAL_FUNDS_RATE,1967-06-01,3.98
FEDERAL_FUNDS_RATE,1967-05-01,3.94
FEDERAL_FUNDS_RATE,1967-04-01,4.05
FEDERAL_FUNDS_RATE,1967-03-01,4.53
FEDERAL_FUNDS_RATE,1967-02-01,5.00
FEDERAL_FUNDS_RATE,1967-01-01,4.94
FEDERAL_FUNDS_RATE,1966-12-01,5.40
FEDERAL_FUNDS_RATE,1966-11-01,5.76
FEDERAL_FUNDS_RATE,1966-10-01,5.53
FEDERAL_FUNDS_RATE,1966-09-01,5.40
FEDERAL_FUNDS_RATE,1966-08-01,5.53
FEDERAL_FUNDS_RATE,1966-07-01,5.30
FEDERAL_FUNDS_RATE,1966-06-01,5.17
FEDERAL_FUNDS_RATE,1966-05-01,4.90
FEDERAL_FUNDS_RATE,1966-04-01,4.67
FEDERAL_FUNDS_RATE,1966-03-01,4.66
FEDERAL_FUNDS_RATE,1966-02-01,4.60
FEDERAL_FUNDS_RATE,1966-01-01,4.42
FEDERAL_FUNDS_RATE,1965-12-01,4.32
FEDERAL_FUNDS_RATE,1965-11-01,4.10
FEDERAL_FUNDS_RATE,1965-10-01,4.08
FEDERAL_FUNDS_RATE,1965-09-01,4.02
FEDERAL_FUNDS_RATE,1965-08-01,4.12
FEDERAL_FUNDS_RATE,1965-07-01,4.09
FEDERAL_FUNDS_RATE,1965-06-01,4.05
FEDERAL_FUNDS_RATE,1965-05-01,4.10
FEDERAL_FUNDS_RATE,1965-04-01,4.09
FEDERAL_FUNDS_RATE,1965-03-01,4.05
FEDERAL_FUNDS_RATE,1965-02-01,3.98
FEDERAL_FUNDS_RATE,1965-01-01,3.90
FEDERAL_FUNDS_RATE,1964-12-01,3.85
FEDERAL_FUNDS_RATE,1964-11-01,3.52
FEDERAL_FUNDS_RATE,1964-10-01,3.36
FEDERAL_FUNDS_RATE,1964-09-01,3.45
FEDERAL_FUNDS_RATE,1964-08-01,3.50
FEDERAL_FUNDS_RATE,1964-07-01,3.42
FEDERAL_FUNDS_RATE,1964-06-01,3.50
FEDERAL_FUNDS_RATE,1964-05-01,3.50
FEDERAL_FUNDS_RATE,1964-04-01,3.47
FEDERAL_FUNDS_RATE,1964-03-01,3.43
FEDERAL_FUNDS_RATE,1964-02-01,3.48
FEDERAL_FUNDS_RATE,1964-01-01,3.48
FEDERAL_FUNDS_RATE,1963-12-01,3.38
FEDERAL_FUNDS_RATE,1963-11-01,3.48
FEDERAL_FUNDS_RATE,1963-10-01,3.50
FEDERAL_FUNDS_RATE,1963-09-01,3.48
FEDERAL_FUNDS_RATE,1963-08-01,3.49
FEDERAL_FUNDS_RATE,1963-07-01,3.02
FEDERAL_FUNDS_RATE,1963-06-01,2.99
FEDERAL_FUNDS_RATE,1963-05-01,3.00
FEDERAL_FUNDS_RATE,1963-04-01,2.90
FEDERAL_FUNDS_RATE,1963-03-01,2.98
FEDERAL_FUNDS_RATE,1963-02-01,3.00
FEDERAL_FUNDS_RATE,1963-01-01,2.92
FEDERAL_FUNDS_RATE,1962-12-01,2.93
FEDERAL_FUNDS_RATE,1962-11-01,2.94
FEDERAL_FUNDS_RATE,1962-10-01,2.90
FEDERAL_FUNDS_RATE,1962-09-01,2.90
FEDERAL_FUNDS_RATE,1962-08-01,2.93
FEDERAL_FUNDS_RATE,1962-07-01,2.71
FEDERAL_FUNDS_RATE,1962-06-01,2.68
FEDERAL_FUNDS_RATE,1962-05-01,2.36
FEDERAL_FUNDS_RATE,1962-04-01,2.78
FEDERAL_FUNDS_RATE,1962-03-01,2.85
FEDERAL_FUNDS_RATE,1962-02-01,2.37
FEDERAL_FUNDS_RATE,1962-01-01,2.15
FEDERAL_FUNDS_RATE,1961-12-01,2.33
FEDERAL_FUNDS_RATE,1961-11-01,2.61
FEDERAL_FUNDS_RATE,1961-10-01,2.26
FEDERAL_FUNDS_RATE,1961-09-01,1.88
FEDERAL_FUNDS_RATE,1961-08-01,2.00
FEDERAL_FUNDS_RATE,1961-07-01,1.17
FEDERAL_FUNDS_RATE,1961-06-01,1.73
FEDERAL_FUNDS_RATE,1961-05-01,1.98
FEDERAL_FUNDS_RATE,1961-04-01,1.49
FEDERAL_FUNDS_RATE,1961-03-01,2.02
FEDERAL_FUNDS_RATE,1961-02-01,2.54
FEDERAL_FUNDS_RATE,1961-01-01,1.45
FEDERAL_FUNDS_RATE,1960-12-01,1.98
FEDERAL_FUNDS_RATE,1960-11-01,2.44
FEDERAL_FUNDS_RATE,1960-10-01,2.47
FEDERAL_FUNDS_RATE,1960-09-01,2.60
FEDERAL_FUNDS_RATE,1960-08-01,2.98
FEDERAL_FUNDS_RATE,1960-07-01,3.23
FEDERAL_FUNDS_RATE,1960-06-01,3.32
FEDERAL_FUNDS_RATE,1960-05-01,3.85
FEDERAL_FUNDS_RATE,1960-04-01,3.92
FEDERAL_FUNDS_RATE,1960-03-01,3.84
FEDERAL_FUNDS_RATE,1960-02-01,3.97
FEDERAL_FUNDS_RATE,1960-01-01,3.99
FEDERAL_FUNDS_RATE,1959-12-01,3.99
FEDERAL_FUNDS_RATE,1959-11-01,4.00
FEDERAL_FUNDS_RATE,1959-10-01,3.98
FEDERAL_FUNDS_RATE,1959-09-01,3.76
FEDERAL_FUNDS_RATE,1959-08-01,3.50
FEDERAL_FUNDS_RATE,1959-07-01,3.47
FEDERAL_FUNDS_RATE,1959-06-01,3.39
FEDERAL_FUNDS_RATE,1959-05-01,2.90
FEDERAL_FUNDS_RATE,1959-04-01,2.96
FEDERAL_FUNDS_RATE,1959-03-01,2.80
FEDERAL_FUNDS_RATE,1959-02-01,2.43
FEDERAL_FUNDS_RATE,1959-01-01,2.48
FEDERAL_FUNDS_RATE,1958-12-01,2.42
FEDERAL_FUNDS_RATE,1958-11-01,2.27
FEDERAL_FUNDS_RATE,1958-10-01,1.80
FEDERAL_FUNDS_RATE,1958-09-01,1.76
FEDERAL_FUNDS_RATE,1958-08-01,1.53
FEDERAL_FUNDS_RATE,1958-07-01,0.68
FEDERAL_FUNDS_RATE,1958-06-01,0.93
FEDERAL_FUNDS_RATE,1958-05-01,0.63
FEDERAL_FUNDS_RATE,1958-04-01,1.26
FEDERAL_FUNDS_RATE,1958-03-01,1.20
FEDERAL_FUNDS_RATE,1958-02-01,1.67
FEDERAL_FUNDS_RATE,1958-01-01,2.72
FEDERAL_FUNDS_RATE,1957-12-01,2.98
FEDERAL_FUNDS_RATE,1957-11-01,3.28
FEDERAL_FUNDS_RATE,1957-10-01,3.50
FEDERAL_FUNDS_RATE,1957-09-01,3.47
FEDERAL_FUNDS_RATE,1957-08-01,3.24
FEDERAL_FUNDS_RATE,1957-07-01,2.99
FEDERAL_FUNDS_RATE,1957-06-01,3.00
FEDERAL_FUNDS_RATE,1957-05-01,3.00
FEDERAL_FUNDS_RATE,1957-04-01,3.00
FEDERAL_FUNDS_RATE,1957-03-01,2.96
FEDERAL_FUNDS_RATE,1957-02-01,3.00
FEDERAL_FUNDS_RATE,1957-01-01,2.84
FEDERAL_FUNDS_RATE,1956-12-01,2.94
FEDERAL_FUNDS_RATE,1956-11-01,2.88
FEDERAL_FUNDS_RATE,1956-10-01,2.96
FEDERAL_FUNDS_RATE,1956-09-01,2.95
FEDERAL_FUNDS_RATE,1956-08-01,2.73
FEDERAL_FUNDS_RATE,1956-07-01,2.75
FEDERAL_FUNDS_RATE,1956-06-01,2.71
FEDERAL_FUNDS_RATE,1956-05-01,2.75
FEDERAL_FUNDS_RATE,1956-04-01,2.62
FEDERAL_FUNDS_RATE,1956-03-01,2.50
FEDERAL_FUNDS_RATE,1956-02-01,2.50
FEDERAL_FUNDS_RATE,1956-01-01,2.45
FEDERAL_FUNDS_RATE,1955-12-01,2.48
FEDERAL_FUNDS_RATE,1955-11-01,2.35
FEDERAL_FUNDS_RATE,1955-10-01,2.24
FEDERAL_FUNDS_RATE,1955-09-01,2.18
FEDERAL_FUNDS_RATE,1955-08-01,1.96
FEDERAL_FUNDS_RATE,1955-07-01,1.68
FEDERAL_FUNDS_RATE,1955-06-01,1.64
FEDERAL_FUNDS_RATE,1955-05-01,1.43
FEDERAL_FUNDS_RATE,1955-04-01,1.43
FEDERAL_FUNDS_RATE,1955-03-01,1.35
FEDERAL_FUNDS_RATE,1955-02-01,1.29
FEDERAL_FUNDS_RATE,1955-01-01,1.39
FEDERAL_FUNDS_RATE,1954-12-01,1.28
FEDERAL_FUNDS_RATE,1954-11-01,0.83
FEDERAL_FUNDS_RATE,1954-10-01,0.85
FEDERAL_FUNDS_RATE,1954-09-01,1.07
FEDERAL_FUNDS_RATE,1954-08-01,1.22
FEDERAL_FUNDS_RATE,1954-07-01,0.80
INFLATION,2024-01-01,2.94952520485207
INFLATION,2023-01-01,4.11633838374488
INFLATION,2022-01-01,8.00279982052121
INFLATION,2021-01-01,4.69785886363742
INFLATION,2020-01-01,1.23358439630629
INFLATION,2019-01-01,1.81221007526021
INFLATION,2018-01-01,2.44258329692817
INFLATION,2017-01-01,2.13011000365961
INFLATION,2016-01-01,1.26158320570536
INFLATION,2015-01-01,0.118627135552451
INFLATION,2014-01-01,1.62222297740817
INFLATION,2013-01-01,1.46483265562717
INFLATION,2012-01-01,2.06933726526067
INFLATION,2011-01-01,3.156841568622
INFLATION,2010-01-01,1.6400434423899
INFLATION,2009-01-01,-0.355546266299747
INFLATION,2008-01-01,3.839100296651
INFLATION,2007-01-01,2.85267248150138
INFLATION,2006-01-01,3.22594410070404
INFLATION,2005-01-01,3.3927468454955
INFLATION,2004-01-01,2.67723669309172
INFLATION,2003-01-01,2.27009497336115
INFLATION,2002-01-01,1.58603162650601
INFLATION,2001-01-01,2.82617111885407
INFLATION,2000-01-01,3.37685727149929
INFLATION,1999-01-01,2.18802719697358
INFLATION,1998-01-01,1.55227909874364
INFLATION,1997-01-01,2.33768993730735
INFLATION,1996-01-01,2.93120419993441
INFLATION,1995-01-01,2.80541968853662
INFLATION,1994-01-01,2.60744159215453
INFLATION,1993-01-01,2.95165696638559
INFLATION,1992-01-01,3.02881967814969
INFLATION,1991-01-01,4.23496396453849
INFLATION,1990-01-01,5.39795643990325
INFLATION,1989-01-01,4.82700303008944
INFLATION,1988-01-01,4.07774110744413
INFLATION,1987-01-01,3.6645632175169
INFLATION,1986-01-01,1.89804772234276
INFLATION,1985-01-01,3.54564415209365
INFLATION,1984-01-01,4.30053547523429
INFLATION,1983-01-01,3.21243523316065
INFLATION,1982-01-01,6.13142700027493
INFLATION,1981-01-01,10.3347153402771
INFLATION,1980-01-01,13.5492019749684
INFLATION,1979-01-01,11.2544711292795
INFLATION,1978-01-01,7.63096383885606
INFLATION,1977-01-01,6.5016839947284
INFLATION,1976-01-01,5.74481263549085
INFLATION,1975-01-01,9.14314686496535
INFLATION,1974-01-01,11.0548048048048
INFLATION,1973-01-01,6.17776006377038
INFLATION,1972-01-01,3.27227824655283
INFLATION,1971-01-01,4.29276668813051
INFLATION,1970-01-01,5.83825533848251
INFLATION,1969-01-01,5.46238620028745
INFLATION,1968-01-01,4.27179615288537
INFLATION,1967-01-01,2.77278562259309
INFLATION,1966-01-01,3.0150753768844
INFLATION,1965-01-01,1.58516926383662
INFLATION,1964-01-01,1.27891156462591
INFLATION,1963-01-01,1.23966942148753
INFLATION,1962-01-01,1.19877334820186
INFLATION,1961-01-01,1.07072414764724
INFLATION,1960-01-01,1.45797598627791
UNEMPLOYMENT,2025-03-01,4.2
UNEMPLOYMENT,2025-02-01,4.1
UNEMPLOYMENT,2025-01-01,4.0
UNEMPLOYMENT,2024-12-01,4.1
UNEMPLOYMENT,2024-11-01,4.2
UNEMPLOYMENT,2024-10-01,4.1
UNEMPLOYMENT,2024-09-01,4.1
UNEMPLOYMENT,2024-08-01,4.2
UNEMPLOYMENT,2024-07-01,4.2
UNEMPLOYMENT,2024-06-01,4.1
UNEMPLOYMENT,2024-05-01,4.0
UNEMPLOYMENT,2024-04-01,3.9
UNEMPLOYMENT,2024-03-01,3.9
UNEMPLOYMENT,2024-02-01,3.9
UNEMPLOYMENT,2024-01-01,3.7
UNEMPLOYMENT,2023-12-01,3.8
UNEMPLOYMENT,2023-11-01,3.7
UNEMPLOYMENT,2023-10-01,3.9
UNEMPLOYMENT,2023-09-01,3.8
UNEMPLOYMENT,2023-08-01,3.7
UNEMPLOYMENT,2023-07-01,3.5
UNEMPLOYMENT,2023-06-01,3.6
UNEMPLOYMENT,2023-05-01,3.6
UNEMPLOYMENT,2023-04-01,3.4
UNEMPLOYMENT,2023-03-01,3.5
UNEMPLOYMENT,2023-02-01,3.6
UNEMPLOYMENT,2023-01-01,3.5
UNEMPLOYMENT,2022-12-01,3.5
UNEMPLOYMENT,2022-11-01,3.6
UNEMPLOYMENT,2022-10-01,3.6
UNEMPLOYMENT,2022-09-01,3.5
UNEMPLOYMENT,2022-08-01,3.6
UNEMPLOYMENT,2022-07-01,3.5
UNEMPLOYMENT,2022-06-01,3.6
UNEMPLOYMENT,2022-05-01,3.6
UNEMPLOYMENT,2022-04-01,3.7
UNEMPLOYMENT,2022-03-01,3.7
UNEMPLOYMENT,2022-02-01,3.8
UNEMPLOYMENT,2022-01-01,4.0
UNEMPLOYMENT,2021-12-01,3.9
UNEMPLOYMENT,2021-11-01,4.2
UNEMPLOYMENT,2021-10-01,4.5
UNEMPLOYMENT,2021-09-01,4.7
UNEMPLOYMENT,2021-08-01,5.1
UNEMPLOYMENT,2021-07-01,5.4
UNEMPLOYMENT,2021-06-01,5.9
UNEMPLOYMENT,2021-05-01,5.8
UNEMPLOYMENT,2021-04-01,6.1
UNEMPLOYMENT,2021-03-01,6.1
UNEMPLOYMENT,2021-02-01,6.2
UNEMPLOYMENT,2021-01-01,6.4
UNEMPLOYMENT,2020-12-01,6.7
UNEMPLOYMENT,2020-11-01,6.7
UNEMPLOYMENT,2020-10-01,6.9
UNEMPLOYMENT,2020-09-01,7.8
UNEMPLOYMENT,2020-08-01,8.4
UNEMPLOYMENT,2020-07-01,10.2
UNEMPLOYMENT,2020-06-01,11.0
UNEMPLOYMENT,2020-05-01,13.2
UNEMPLOYMENT,2020-04-01,14.8
UNEMPLOYMENT,2020-03-01,4.4
UNEMPLOYMENT,2020-02-01,3.5
UNEMPLOYMENT,2020-01-01,3.6
UNEMPLOYMENT,2019-12-01,3.6
UNEMPLOYMENT,2019-11-01,3.6
UNEMPLOYMENT,2019-10-01,3.6
UNEMPLOYMENT,2019-09-01,3.5
UNEMPLOYMENT,2019-08-01,3.6
UNEMPLOYMENT,2019-07-01,3.7
UNEMPLOYMENT,2019-06-01,3.6
UNEMPLOYMENT,2019-05-01,3.6
UNEMPLOYMENT,2019-04-01,3.7
UNEMPLOYMENT,2019-03-01,3.8
UNEMPLOYMENT,2019-02-01,3.8
UNEMPLOYMENT,2019-01-01,4.0
UNEMPLOYMENT,2018-12-01,3.9
UNEMPLOYMENT,2018-11-01,3.8
UNEMPLOYMENT,2018-10-01,3.8
UNEMPLOYMENT,2018-09-01,3.7
UNEMPLOYMENT,2018-08-01,3.8
UNEMPLOYMENT,2018-07-01,3.8
UNEMPLOYMENT,2018-06-01,4.0
UNEMPLOYMENT,2018-05-01,3.8
UNEMPLOYMENT,2018-04-01,4.0
UNEMPLOYMENT,2018-03-01,4.0
UNEMPLOYMENT,2018-02-01,4.1
UNEMPLOYMENT,2018-01-01,4.0
UNEMPLOYMENT,2017-12-01,4.1
UNEMPLOYMENT,2017-11-01,4.2
UNEMPLOYMENT,2017-10-01,4.2
UNEMPLOYMENT,2017-09-01,4.3
UNEMPLOYMENT,2017-08-01,4.4
UNEMPLOYMENT,2017-07-01,4.3
UNEMPLOYMENT,2017-06-01,4.3
UNEMPLOYMENT,2017-05-01,4.4
UNEMPLOYMENT,2017-04-01,4.4
UNEMPLOYMENT,2017-03-01,4.4
UNEMPLOYMENT,2017-02-01,4.6
UNEMPLOYMENT,2017-01-01,4.7
UNEMPLOYMENT,2016-12-01,4.7
UNEMPLOYMENT,2016-11-01,4.7
UNEMPLOYMENT,2016-10-01,4.9
UNEMPLOYMENT,2016-09-01,5.0
UNEMPLOYMENT,2016-08-01,4.9
UNEMPLOYMENT,2016-07-01,4.8
UNEMPLOYMENT,2016-06-01,4.9
UNEMPLOYMENT,2016-05-01,4.8
UNEMPLOYMENT,2016-04-01,5.1
UNEMPLOYMENT,2016-03-01,5.0
UNEMPLOYMENT,2016-02-01,4.9
UNEMPLOYMENT,2016-01-01,4.8
UNEMPLOYMENT,2015-12-01,5.0
UNEMPLOYMENT,2015-11-01,5.1
UNEMPLOYMENT,2015-10-01,5.0
UNEMPLOYMENT,2015-09-01,5.0
UNEMPLOYMENT,2015-08-01,5.1
UNEMPLOYMENT,2015-07-01,5.2
UNEMPLOYMENT,2015-06-01,5.3
UNEMPLOYMENT,2015-05-01,5.6
UNEMPLOYMENT,2015-04-01,5.4
UNEMPLOYMENT,2015-03-01,5.4
UNEMPLOYMENT,2015-02-01,5.5
UNEMPLOYMENT,2015-01-01,5.7
UNEMPLOYMENT,2014-12-01,5.6
UNEMPLOYMENT,2014-11-01,5.8
UNEMPLOYMENT,2014-10-01,5.7
UNEMPLOYMENT,2014-09-01,5.9
UNEMPLOYMENT,2014-08-01,6.1
UNEMPLOYMENT,2014-07-01,6.2
UNEMPLOYMENT,2014-06-01,6.1
UNEMPLOYMENT,2014-05-01,6.3
UNEMPLOYMENT,2014-04-01,6.2
UNEMPLOYMENT,2014-03-01,6.7
UNEMPLOYMENT,2014-02-01,6.7
UNEMPLOYMENT,2014-01-01,6.6
UNEMPLOYMENT,2013-12-01,6.7
UNEMPLOYMENT,2013-11-01,6.9
UNEMPLOYMENT,2013-10-01,7.2
UNEMPLOYMENT,2013-09-01,7.2
UNEMPLOYMENT,2013-08-01,7.2
UNEMPLOYMENT,2013-07-01,7.3
UNEMPLOYMENT,2013-06-01,7.5
UNEMPLOYMENT,2013-05-01,7.5
UNEMPLOYMENT,2013-04-01,7.6
UNEMPLOYMENT,2013-03-01,7.5
UNEMPLOYMENT,2013-02-01,7.7
UNEMPLOYMENT,2013-01-01,8.0
UNEMPLOYMENT,2012-12-01,7.9
UNEMPLOYMENT,2012-11-01,7.7
UNEMPLOYMENT,2012-10-01,7.8
UNEMPLOYMENT,2012-09-01,7.8
UNEMPLOYMENT,2012-08-01,8.1
UNEMPLOYMENT,2012-07-01,8.2
UNEMPLOYMENT,2012-06-01,8.2
UNEMPLOYMENT,2012-05-01,8.2
UNEMPLOYMENT,2012-04-01,8.2
UNEMPLOYMENT,2012-03-01,8.2
UNEMPLOYMENT,2012-02-01,8.3
UNEMPLOYMENT,2012-01-01,8.3
UNEMPLOYMENT,2011-12-01,8.5
UNEMPLOYMENT,2011-11-01,8.6
UNEMPLOYMENT,2011-10-01,8.8
UNEMPLOYMENT,2011-09-01,9.0
UNEMPLOYMENT,2011-08-01,9.0
UNEMPLOYMENT,2011-07-01,9.0
UNEMPLOYMENT,2011-06-01,9.1
UNEMPLOYMENT,2011-05-01,9.0
UNEMPLOYMENT,2011-04-01,9.1
UNEMPLOYMENT,2011-03-01,9.0
UNEMPLOYMENT,2011-02-01,9.0
UNEMPLOYMENT,2011-01-01,9.1
UNEMPLOYMENT,2010-12-01,9.3
UNEMPLOYMENT,2010-11-01,9.8
UNEMPLOYMENT,2010-10-01,9.4
UNEMPLOYMENT,2010-09-01,9.5
UNEMPLOYMENT,2010-08-01,9.5
UNEMPLOYMENT,2010-07-01,9.4
UNEMPLOYMENT,2010-06-01,9.4
UNEMPLOYMENT,2010-05-01,9.6
UNEMPLOYMENT,2010-04-01,9.9
UNEMPLOYMENT,2010-03-01,9.9
UNEMPLOYMENT,2010-02-01,9.8
UNEMPLOYMENT,2010-01-01,9.8
UNEMPLOYMENT,2009-12-01,9.9
UNEMPLOYMENT,2009-11-01,9.9
UNEMPLOYMENT,2009-10-01,10.0
UNEMPLOYMENT,2009-09-01,9.8
UNEMPLOYMENT,2009-08-01,9.6
UNEMPLOYMENT,2009-07-01,9.5
UNEMPLOYMENT,2009-06-01,9.5
UNEMPLOYMENT,2009-05-01,9.4
UNEMPLOYMENT,2009-04-01,9.0
UNEMPLOYMENT,2009-03-01,8.7
UNEMPLOYMENT,2009-02-01,8.3
UNEMPLOYMENT,2009-01-01,7.8
UNEMPLOYMENT,2008-12-01,7.3
UNEMPLOYMENT,2008-11-01,6.8
UNEMPLOYMENT,2008-10-01,6.5
UNEMPLOYMENT,2008-09-01,6.1
UNEMPLOYMENT,2008-08-01,6.1
UNEMPLOYMENT,2008-07-01,5.8
UNEMPLOYMENT,2008-06-01,5.6
UNEMPLOYMENT,2008-05-01,5.4
UNEMPLOYMENT,2008-04-01,5.0
UNEMPLOYMENT,2008-03-01,5.1
UNEMPLOYMENT,2008-02-01,4.9
UNEMPLOYMENT,2008-01-01,5.0
UNEMPLOYMENT,2007-12-01,5.0
UNEMPLOYMENT,2007-11-01,4.7
UNEMPLOYMENT,2007-10-01,4.7
UNEMPLOYMENT,2007-09-01,4.7
UNEMPLOYMENT,2007-08-01,4.6
UNEMPLOYMENT,2007-07-01,4.7
UNEMPLOYMENT,2007-06-01,4.6
UNEMPLOYMENT,2007-05-01,4.4
UNEMPLOYMENT,2007-04-01,4.5
UNEMPLOYMENT,2007-03-01,4.4
UNEMPLOYMENT,2007-02-01,4.5
UNEMPLOYMENT,2007-01-01,4.6
UNEMPLOYMENT,2006-12-01,4.4
UNEMPLOYMENT,2006-11-01,4.5
UNEMPLOYMENT,2006-10-01,4.4
UNEMPLOYMENT,2006-09-01,4.5
UNEMPLOYMENT,2006-08-01,4.7
UNEMPLOYMENT,2006-07-01,4.7
UNEMPLOYMENT,2006-06-01,4.6
UNEMPLOYMENT,2006-05-01,4.6
UNEMPLOYMENT,2006-04-01,4.7
UNEMPLOYMENT,2006-03-01,4.7
UNEMPLOYMENT,2006-02-01,4.8
UNEMPLOYMENT,2006-01-01,4.7
UNEMPLOYMENT,2005-12-01,4.9
UNEMPLOYMENT,2005-11-01,5.0
UNEMPLOYMENT,2005-10-01,5.0
UNEMPLOYMENT,2005-09-01,5.0
UNEMPLOYMENT,2005-08-01,4.9
UNEMPLOYMENT,2005-07-01,5.0
UNEMPLOYMENT,2005-06-01,5.0
UNEMPLOYMENT,2005-05-01,5.1
UNEMPLOYMENT,2005-04-01,5.2
UNEMPLOYMENT,2005-03-01,5.2
UNEMPLOYMENT,2005-02-01,5.4
UNEMPLOYMENT,2005-01-01,5.3
UNEMPLOYMENT,2004-12-01,5.4
UNEMPLOYMENT,2004-11-01,5.4
UNEMPLOYMENT,2004-10-01,5.5
UNEMPLOYMENT,2004-09-01,5.4
UNEMPLOYMENT,2004-08-01,5.4
UNEMPLOYMENT,2004-07-01,5.5
UNEMPLOYMENT,2004-06-01,5.6
UNEMPLOYMENT,2004-05-01,5.6
UNEMPLOYMENT,2004-04-01,5.6
UNEMPLOYMENT,2004-03-01,5.8
UNEMPLOYMENT,2004-02-01,5.6
UNEMPLOYMENT,2004-01-01,5.7
UNEMPLOYMENT,2003-12-01,5.7
UNEMPLOYMENT,2003-11-01,5.8
UNEMPLOYMENT,2003-10-01,6.0
UNEMPLOYMENT,2003-09-01,6.1
UNEMPLOYMENT,2003-08-01,6.1
UNEMPLOYMENT,2003-07-01,6.2
UNEMPLOYMENT,2003-06-01,6.3
UNEMPLOYMENT,2003-05-01,6.1
UNEMPLOYMENT,2003-04-01,6.0
UNEMPLOYMENT,2003-03-01,5.9
UNEMPLOYMENT,2003-02-01,5.9
UNEMPLOYMENT,2003-01-01,5.8
UNEMPLOYMENT,2002-12-01,6.0
UNEMPLOYMENT,2002-11-01,5.9
UNEMPLOYMENT,2002-10-01,5.7
UNEMPLOYMENT,2002-09-01,5.7
UNEMPLOYMENT,2002-08-01,5.7
UNEMPLOYMENT,2002-07-01,5.8
UNEMPLOYMENT,2002-06-01,5.8
UNEMPLOYMENT,2002-05-01,5.8
UNEMPLOYMENT,2002-04-01,5.9
UNEMPLOYMENT,2002-03-01,5.7
UNEMPLOYMENT,2002-02-01,5.7
UNEMPLOYMENT,2002-01-01,5.7
UNEMPLOYMENT,2001-12-01,5.7
UNEMPLOYMENT,2001-11-01,5.5
UNEMPLOYMENT,2001-10-01,5.3
UNEMPLOYMENT,2001-09-01,5.0
UNEMPLOYMENT,2001-08-01,4.9
UNEMPLOYMENT,2001-07-01,4.6
UNEMPLOYMENT,2001-06-01,4.5
UNEMPLOYMENT,2001-05-01,4.3
UNEMPLOYMENT,2001-04-01,4.4
UNEMPLOYMENT,2001-03-01,4.3
UNEMPLOYMENT,2001-02-01,4.2
UNEMPLOYMENT,2001-01-01,4.2
UNEMPLOYMENT,2000-12-01,3.9
UNEMPLOYMENT,2000-11-01,3.9
UNEMPLOYMENT,2000-10-01,3.9
UNEMPLOYMENT,2000-09-01,3.9
UNEMPLOYMENT,2000-08-01,4.1
UNEMPLOYMENT,2000-07-01,4.0
UNEMPLOYMENT,2000-06-01,4.0
UNEMPLOYMENT,2000-05-01,4.0
UNEMPLOYMENT,2000-04-01,3.8
UNEMPLOYMENT,2000-03-01,4.0
UNEMPLOYMENT,2000-02-01,4.1
UNEMPLOYMENT,2000-01-01,4.0
UNEMPLOYMENT,1999-12-01,4.0
UNEMPLOYMENT,1999-11-01,4.1
UNEMPLOYMENT,1999-10-01,4.1
UNEMPLOYMENT,1999-09-01,4.2
UNEMPLOYMENT,1999-08-01,4.2
UNEMPLOYMENT,1999-07-01,4.3
UNEMPLOYMENT,1999-06-01,4.3
UNEMPLOYMENT,1999-05-01,4.2
UNEMPLOYMENT,1999-04-01,4.3
UNEMPLOYMENT,1999-03-01,4.2
UNEMPLOYMENT,1999-02-01,4.4
UNEMPLOYMENT,1999-01-01,4.3
UNEMPLOYMENT,1998-12-01,4.4
UNEMPLOYMENT,1998-11-01,4.4
UNEMPLOYMENT,1998-10-01,4.5
UNEMPLOYMENT,1998-09-01,4.6
UNEMPLOYMENT,1998-08-01,4.5
UNEMPLOYMENT,1998-07-01,4.5
UNEMPLOYMENT,1998-06-01,4.5
UNEMPLOYMENT,1998-05-01,4.4
UNEMPLOYMENT,1998-04-01,4.3
UNEMPLOYMENT,1998-03-01,4.7
UNEMPLOYMENT,1998-02-01,4.6
UNEMPLOYMENT,1998-01-01,4.6
UNEMPLOYMENT,1997-12-01,4.7
UNEMPLOYMENT,1997-11-01,4.6
UNEMPLOYMENT,1997-10-01,4.7
UNEMPLOYMENT,1997-09-01,4.9
UNEMPLOYMENT,1997-08-01,4.8
UNEMPLOYMENT,1997-07-01,4.9
UNEMPLOYMENT,1997-06-01,5.0
UNEMPLOYMENT,1997-05-01,4.9
UNEMPLOYMENT,1997-04-01,5.1
UNEMPLOYMENT,1997-03-01,5.2
UNEMPLOYMENT,1997-02-01,5.2
UNEMPLOYMENT,1997-01-01,5.3
UNEMPLOYMENT,1996-12-01,5.4
UNEMPLOYMENT,1996-11-01,5.4
UNEMPLOYMENT,1996-10-01,5.2
UNEMPLOYMENT,1996-09-01,5.2
UNEMPLOYMENT,1996-08-01,5.1
UNEMPLOYMENT,1996-07-01,5.5
UNEMPLOYMENT,1996-06-01,5.3
UNEMPLOYMENT,1996-05-01,5.6
UNEMPLOYMENT,1996-04-01,5.6
UNEMPLOYMENT,1996-03-01,5.5
UNEMPLOYMENT,1996-02-01,5.5
UNEMPLOYMENT,1996-01-01,5.6
UNEMPLOYMENT,1995-12-01,5.6
UNEMPLOYMENT,1995-11-01,5.6
UNEMPLOYMENT,1995-10-01,5.5
UNEMPLOYMENT,1995-09-01,5.6
UNEMPLOYMENT,1995-08-01,5.7
UNEMPLOYMENT,1995-07-01,5.7
UNEMPLOYMENT,1995-06-01,5.6
UNEMPLOYMENT,1995-05-01,5.6
UNEMPLOYMENT,1995-04-01,5.8
UNEMPLOYMENT,1995-03-01,5.4
UNEMPLOYMENT,1995-02-01,5.4
UNEMPLOYMENT,1995-01-01,5.6
UNEMPLOYMENT,1994-12-01,5.5
UNEMPLOYMENT,1994-11-01,5.6
UNEMPLOYMENT,1994-10-01,5.8
UNEMPLOYMENT,1994-09-01,5.9
UNEMPLOYMENT,1994-08-01,6.0
UNEMPLOYMENT,1994-07-01,6.1
UNEMPLOYMENT,1994-06-01,6.1
UNEMPLOYMENT,1994-05-01,6.1
UNEMPLOYMENT,1994-04-01,6.4
UNEMPLOYMENT,1994-03-01,6.5
UNEMPLOYMENT,1994-02-01,6.6
UNEMPLOYMENT,1994-01-01,6.6
UNEMPLOYMENT,1993-12-01,6.5
UNEMPLOYMENT,1993-11-01,6.6
UNEMPLOYMENT,1993-10-01,6.8
UNEMPLOYMENT,1993-09-01,6.7
UNEMPLOYMENT,1993-08-01,6.8
UNEMPLOYMENT,1993-07-01,6.9
UNEMPLOYMENT,1993-06-01,7.0
UNEMPLOYMENT,1993-05-01,7.1
UNEMPLOYMENT,1993-04-01,7.1
UNEMPLOYMENT,1993-03-01,7.0
UNEMPLOYMENT,1993-02-01,7.1
UNEMPLOYMENT,1993-01-01,7.3
UNEMPLOYMENT,1992-12-01,7.4
UNEMPLOYMENT,1992-11-01,7.4
UNEMPLOYMENT,1992-10-01,7.3
UNEMPLOYMENT,1992-09-01,7.6
UNEMPLOYMENT,1992-08-01,7.6
UNEMPLOYMENT,1992-07-01,7.7
UNEMPLOYMENT,1992-06-01,7.8
UNEMPLOYMENT,1992-05-01,7.6
UNEMPLOYMENT,1992-04-01,7.4
UNEMPLOYMENT,1992-03-01,7.4
UNEMPLOYMENT,1992-02-01,7.4
UNEMPLOYMENT,1992-01-01,7.3
UNEMPLOYMENT,1991-12-01,7.3
UNEMPLOYMENT,1991-11-01,7.0
UNEMPLOYMENT,1991-10-01,7.0
UNEMPLOYMENT,1991-09-01,6.9
UNEMPLOYMENT,1991-08-01,6.9
UNEMPLOYMENT,1991-07-01,6.8
UNEMPLOYMENT,1991-06-01,6.9
UNEMPLOYMENT,1991-05-01,6.9
UNEMPLOYMENT,1991-04-01,6.7
UNEMPLOYMENT,1991-03-01,6.8
UNEMPLOYMENT,1991-02-01,6.6
UNEMPLOYMENT,1991-01-01,6.4
UNEMPLOYMENT,1990-12-01,6.3
UNEMPLOYMENT,1990-11-01,6.2
UNEMPLOYMENT,1990-10-01,5.9
UNEMPLOYMENT,1990-09-01,5.9
UNEMPLOYMENT,1990-08-01,5.7
UNEMPLOYMENT,1990-07-01,5.5
UNEMPLOYMENT,1990-06-01,5.2
UNEMPLOYMENT,1990-05-01,5.4
UNEMPLOYMENT,1990-04-01,5.4
UNEMPLOYMENT,1990-03-01,5.2
UNEMPLOYMENT,1990-02-01,5.3
UNEMPLOYMENT,1990-01-01,5.4
UNEMPLOYMENT,1989-12-01,5.4
UNEMPLOYMENT,1989-11-01,5.4
UNEMPLOYMENT,1989-10-01,5.3
UNEMPLOYMENT,1989-09-01,5.3
UNEMPLOYMENT,1989-08-01,5.2
UNEMPLOYMENT,1989-07-01,5.2
UNEMPLOYMENT,1989-06-01,5.3
UNEMPLOYMENT,1989-05-01,5.2
UNEMPLOYMENT,1989-04-01,5.2
UNEMPLOYMENT,1989-03-01,5.0
UNEMPLOYMENT,1989-02-01,5.2
UNEMPLOYMENT,1989-01-01,5.4
UNEMPLOYMENT,1988-12-01,5.3
UNEMPLOYMENT,1988-11-01,5.3
UNEMPLOYMENT,1988-10-01,5.4
UNEMPLOYMENT,1988-09-01,5.4
UNEMPLOYMENT,1988-08-01,5.6
UNEMPLOYMENT,1988-07-01,5.4
UNEMPLOYMENT,1988-06-01,5.4
UNEMPLOYMENT,1988-05-01,5.6
UNEMPLOYMENT,1988-04-01,5.4
UNEMPLOYMENT,1988-03-01,5.7
UNEMPLOYMENT,1988-02-01,5.7
UNEMPLOYMENT,1988-01-01,5.7
UNEMPLOYMENT,1987-12-01,5.7
UNEMPLOYMENT,1987-11-01,5.8
UNEMPLOYMENT,1987-10-01,6.0
UNEMPLOYMENT,1987-09-01,5.9
UNEMPLOYMENT,1987-08-01,6.0
UNEMPLOYMENT,1987-07-01,6.1
UNEMPLOYMENT,1987-06-01,6.2
UNEMPLOYMENT,1987-05-01,6.3
UNEMPLOYMENT,1987-04-01,6.3
UNEMPLOYMENT,1987-03-01,6.6
UNEMPLOYMENT,1987-02-01,6.6
UNEMPLOYMENT,1987-01-01,6.6
UNEMPLOYMENT,1986-12-01,6.6
UNEMPLOYMENT,1986-11-01,6.9
UNEMPLOYMENT,1986-10-01,7.0
UNEMPLOYMENT,1986-09-01,7.0
UNEMPLOYMENT,1986-08-01,6.9
UNEMPLOYMENT,1986-07-01,7.0
UNEMPLOYMENT,1986-06-01,7.2
UNEMPLOYMENT,1986-05-01,7.2
UNEMPLOYMENT,1986-04-01,7.1
UNEMPLOYMENT,1986-03-01,7.2
UNEMPLOYMENT,1986-02-01,7.2
UNEMPLOYMENT,1986-01-01,6.7
UNEMPLOYMENT,1985-12-01,7.0
UNEMPLOYMENT,1985-11-01,7.0
UNEMPLOYMENT,1985-10-01,7.1
UNEMPLOYMENT,1985-09-01,7.1
UNEMPLOYMENT,1985-08-01,7.1
UNEMPLOYMENT,1985-07-01,7.4
UNEMPLOYMENT,1985-06-01,7.4
UNEMPLOYMENT,1985-05-01,7.2
UNEMPLOYMENT,1985-04-01,7.3
UNEMPLOYMENT,1985-03-01,7.2
UNEMPLOYMENT,1985-02-01,7.2
UNEMPLOYMENT,1985-01-01,7.3
UNEMPLOYMENT,1984-12-01,7.3
UNEMPLOYMENT,1984-11-01,7.2
UNEMPLOYMENT,1984-10-01,7.4
UNEMPLOYMENT,1984-09-01,7.3
UNEMPLOYMENT,1984-08-01,7.5
UNEMPLOYMENT,1984-07-01,7.5
UNEMPLOYMENT,1984-06-01,7.2
UNEMPLOYMENT,1984-05-01,7.4
UNEMPLOYMENT,1984-04-01,7.7
UNEMPLOYMENT,1984-03-01,7.8
UNEMPLOYMENT,1984-02-01,7.8
UNEMPLOYMENT,1984-01-01,8.0
UNEMPLOYMENT,1983-12-01,8.3
UNEMPLOYMENT,1983-11-01,8.5
UNEMPLOYMENT,1983-10-01,8.8
UNEMPLOYMENT,1983-09-01,9.2
UNEMPLOYMENT,1983-08-01,9.5
UNEMPLOYMENT,1983-07-01,9.4
UNEMPLOYMENT,1983-06-01,10.1
UNEMPLOYMENT,1983-05-01,10.1
UNEMPLOYMENT,1983-04-01,10.2
UNEMPLOYMENT,1983-03-01,10.3
UNEMPLOYMENT,1983-02-01,10.4
UNEMPLOYMENT,1983-01-01,10.4
UNEMPLOYMENT,1982-12-01,10.8
UNEMPLOYMENT,1982-11-01,10.8
UNEMPLOYMENT,1982-10-01,10.4
UNEMPLOYMENT,1982-09-01,10.1
UNEMPLOYMENT,1982-08-01,9.8
UNEMPLOYMENT,1982-07-01,9.8
UNEMPLOYMENT,1982-06-01,9.6
UNEMPLOYMENT,1982-05-01,9.4
UNEMPLOYMENT,1982-04-01,9.3
UNEMPLOYMENT,1982-03-01,9.0
UNEMPLOYMENT,1982-02-01,8.9
UNEMPLOYMENT,1982-01-01,8.6
UNEMPLOYMENT,1981-12-01,8.5
UNEMPLOYMENT,1981-11-01,8.3
UNEMPLOYMENT,1981-10-01,7.9
UNEMPLOYMENT,1981-09-01,7.6
UNEMPLOYMENT,1981-08-01,7.4
UNEMPLOYMENT,1981-07-01,7.2
UNEMPLOYMENT,1981-06-01,7.5
UNEMPLOYMENT,1981-05-01,7.5
UNEMPLOYMENT,1981-04-01,7.2
UNEMPLOYMENT,1981-03-01,7.4
UNEMPLOYMENT,1981-02-01,7.4
UNEMPLOYMENT,1981-01-01,7.5
UNEMPLOYMENT,1980-12-01,7.2
UNEMPLOYMENT,1980-11-01,7.5
UNEMPLOYMENT,1980-10-01,7.5
UNEMPLOYMENT,1980-09-01,7.5
UNEMPLOYMENT,1980-08-01,7.7
UNEMPLOYMENT,1980-07-01,7.8
UNEMPLOYMENT,1980-06-01,7.6
UNEMPLOYMENT,1980-05-01,7.5
UNEMPLOYMENT,1980-04-01,6.9
UNEMPLOYMENT,1980-03-01,6.3
UNEMPLOYMENT,1980-02-01,6.3
UNEMPLOYMENT,1980-01-01,6.3
UNEMPLOYMENT,1979-12-01,6.0
UNEMPLOYMENT,1979-11-01,5.9
UNEMPLOYMENT,1979-10-01,6.0
UNEMPLOYMENT,1979-09-01,5.9
UNEMPLOYMENT,1979-08-01,6.0
UNEMPLOYMENT,1979-07-01,5.7
UNEMPLOYMENT,1979-06-01,5.7
UNEMPLOYMENT,1979-05-01,5.6
UNEMPLOYMENT,1979-04-01,5.8
UNEMPLOYMENT,1979-03-01,5.8
UNEMPLOYMENT,1979-02-01,5.9
UNEMPLOYMENT,1979-01-01,5.9
UNEMPLOYMENT,1978-12-01,6.0
UNEMPLOYMENT,1978-11-01,5.9
UNEMPLOYMENT,1978-10-01,5.8
UNEMPLOYMENT,1978-09-01,6.0
UNEMPLOYMENT,1978-08-01,5.9
UNEMPLOYMENT,1978-07-01,6.2
UNEMPLOYMENT,1978-06-01,5.9
UNEMPLOYMENT,1978-05-01,6.0
UNEMPLOYMENT,1978-04-01,6.1
UNEMPLOYMENT,1978-03-01,6.3
UNEMPLOYMENT,1978-02-01,6.3
UNEMPLOYMENT,1978-01-01,6.4
UNEMPLOYMENT,1977-12-01,6.4
UNEMPLOYMENT,1977-11-01,6.8
UNEMPLOYMENT,1977-10-01,6.8
UNEMPLOYMENT,1977-09-01,6.8
UNEMPLOYMENT,1977-08-01,7.0
UNEMPLOYMENT,1977-07-01,6.9
UNEMPLOYMENT,1977-06-01,7.2
UNEMPLOYMENT,1977-05-01,7.0
UNEMPLOYMENT,1977-04-01,7.2
UNEMPLOYMENT,1977-03-01,7.4
UNEMPLOYMENT,1977-02-01,7.6
UNEMPLOYMENT,1977-01-01,7.5
UNEMPLOYMENT,1976-12-01,7.8
UNEMPLOYMENT,1976-11-01,7.8
UNEMPLOYMENT,1976-10-01,7.7
UNEMPLOYMENT,1976-09-01,7.6
UNEMPLOYMENT,1976-08-01,7.8
UNEMPLOYMENT,1976-07-01,7.8
UNEMPLOYMENT,1976-06-01,7.6
UNEMPLOYMENT,1976-05-01,7.4
UNEMPLOYMENT,1976-04-01,7.7
UNEMPLOYMENT,1976-03-01,7.6
UNEMPLOYMENT,1976-02-01,7.7
UNEMPLOYMENT,1976-01-01,7.9
UNEMPLOYMENT,1975-12-01,8.2
UNEMPLOYMENT,1975-11-01,8.3
UNEMPLOYMENT,1975-10-01,8.4
UNEMPLOYMENT,1975-09-01,8.4
UNEMPLOYMENT,1975-08-01,8.4
UNEMPLOYMENT,1975-07-01,8.6
UNEMPLOYMENT,1975-06-01,8.8
UNEMPLOYMENT,1975-05-01,9.0
UNEMPLOYMENT,1975-04-01,8.8
UNEMPLOYMENT,1975-03-01,8.6
UNEMPLOYMENT,1975-02-01,8.1
UNEMPLOYMENT,1975-01-01,8.1
UNEMPLOYMENT,1974-12-01,7.2
UNEMPLOYMENT,1974-11-01,6.6
UNEMPLOYMENT,1974-10-01,6.0
UNEMPLOYMENT,1974-09-01,5.9
UNEMPLOYMENT,1974-08-01,5.5
UNEMPLOYMENT,1974-07-01,5.5
UNEMPLOYMENT,1974-06-01,5.4
UNEMPLOYMENT,1974-05-01,5.1
UNEMPLOYMENT,1974-04-01,5.1
UNEMPLOYMENT,1974-03-01,5.1
UNEMPLOYMENT,1974-02-01,5.2
UNEMPLOYMENT,1974-01-01,5.1
UNEMPLOYMENT,1973-12-01,4.9
UNEMPLOYMENT,1973-11-01,4.8
UNEMPLOYMENT,1973-10-01,4.6
UNEMPLOYMENT,1973-09-01,4.8
UNEMPLOYMENT,1973-08-01,4.8
UNEMPLOYMENT,1973-07-01,4.8
UNEMPLOYMENT,1973-06-01,4.9
UNEMPLOYMENT,1973-05-01,4.9
UNEMPLOYMENT,1973-04-01,5.0
UNEMPLOYMENT,1973-03-01,4.9
UNEMPLOYMENT,1973-02-01,5.0
UNEMPLOYMENT,1973-01-01,4.9
UNEMPLOYMENT,1972-12-01,5.2
UNEMPLOYMENT,1972-11-01,5.3
UNEMPLOYMENT,1972-10-01,5.6
UNEMPLOYMENT,1972-09-01,5.5
UNEMPLOYMENT,1972-08-01,5.6
UNEMPLOYMENT,1972-07-01,5.6
UNEMPLOYMENT,1972-06-01,5.7
UNEMPLOYMENT,1972-05-01,5.7
UNEMPLOYMENT,1972-04-01,5.7
UNEMPLOYMENT,1972-03-01,5.8
UNEMPLOYMENT,1972-02-01,5.7
UNEMPLOYMENT,1972-01-01,5.8
UNEMPLOYMENT,1971-12-01,6.0
UNEMPLOYMENT,1971-11-01,6.0
UNEMPLOYMENT,1971-10-01,5.8
UNEMPLOYMENT,1971-09-01,6.0
UNEMPLOYMENT,1971-08-01,6.1
UNEMPLOYMENT,1971-07-01,6.0
UNEMPLOYMENT,1971-06-01,5.9
UNEMPLOYMENT,1971-05-01,5.9
UNEMPLOYMENT,1971-04-01,5.9
UNEMPLOYMENT,1971-03-01,6.0
UNEMPLOYMENT,1971-02-01,5.9
UNEMPLOYMENT,1971-01-01,5.9
UNEMPLOYMENT,1970-12-01,6.1
UNEMPLOYMENT,1970-11-01,5.9
UNEMPLOYMENT,1970-10-01,5.5
UNEMPLOYMENT,1970-09-01,5.4
UNEMPLOYMENT,1970-08-01,5.1
UNEMPLOYMENT,1970-07-01,5.0
UNEMPLOYMENT,1970-06-01,4.9
UNEMPLOYMENT,1970-05-01,4.8
UNEMPLOYMENT,1970-04-01,4.6
UNEMPLOYMENT,1970-03-01,4.4
UNEMPLOYMENT,1970-02-01,4.2
UNEMPLOYMENT,1970-01-01,3.9
UNEMPLOYMENT,1969-12-01,3.5
UNEMPLOYMENT,1969-11-01,3.5
UNEMPLOYMENT,1969-10-01,3.7
UNEMPLOYMENT,1969-09-01,3.7
UNEMPLOYMENT,1969-08-01,3.5
UNEMPLOYMENT,1969-07-01,3.5
UNEMPLOYMENT,1969-06-01,3.5
UNEMPLOYMENT,1969-05-01,3.4
UNEMPLOYMENT,1969-04-01,3.4
UNEMPLOYMENT,1969-03-01,3.4
UNEMPLOYMENT,1969-02-01,3.4
UNEMPLOYMENT,1969-01-01,3.4
UNEMPLOYMENT,1968-12-01,3.4
UNEMPLOYMENT,1968-11-01,3.4
UNEMPLOYMENT,1968-10-01,3.4
UNEMPLOYMENT,1968-09-01,3.4
UNEMPLOYMENT,1968-08-01,3.5
UNEMPLOYMENT,1968-07-01,3.7
UNEMPLOYMENT,1968-06-01,3.7
UNEMPLOYMENT,1968-05-01,3.5
UNEMPLOYMENT,1968-04-01,3.5
UNEMPLOYMENT,1968-03-01,3.7
UNEMPLOYMENT,1968-02-01,3.8
UNEMPLOYMENT,1968-01-01,3.7
UNEMPLOYMENT,1967-12-01,3.8
UNEMPLOYMENT,1967-11-01,3.9
UNEMPLOYMENT,1967-10-01,4.0
UNEMPLOYMENT,1967-09-01,3.8
UNEMPLOYMENT,1967-08-01,3.8
UNEMPLOYMENT,1967-07-01,3.8
UNEMPLOYMENT,1967-06-01,3.9
UNEMPLOYMENT,1967-05-01,3.8
UNEMPLOYMENT,1967-04-01,3.8
UNEMPLOYMENT,1967-03-01,3.8
UNEMPLOYMENT,1967-02-01,3.8
UNEMPLOYMENT,1967-01-01,3.9
UNEMPLOYMENT,1966-12-01,3.8
UNEMPLOYMENT,1966-11-01,3.6
UNEMPLOYMENT,1966-10-01,3.7
UNEMPLOYMENT,1966-09-01,3.7
UNEMPLOYMENT,1966-08-01,3.8
UNEMPLOYMENT,1966-07-01,3.8
UNEMPLOYMENT,1966-06-01,3.8
UNEMPLOYMENT,1966-05-01,3.9
UNEMPLOYMENT,1966-04-01,3.8
UNEMPLOYMENT,1966-03-01,3.8
UNEMPLOYMENT,1966-02-01,3.8
UNEMPLOYMENT,1966-01-01,4.0
UNEMPLOYMENT,1965-12-01,4.0
UNEMPLOYMENT,1965-11-01,4.1
UNEMPLOYMENT,1965-10-01,4.2
UNEMPLOYMENT,1965-09-01,4.3
UNEMPLOYMENT,1965-08-01,4.4
UNEMPLOYMENT,1965-07-01,4.4
UNEMPLOYMENT,1965-06-01,4.6
UNEMPLOYMENT,1965-05-01,4.6
UNEMPLOYMENT,1965-04-01,4.8
UNEMPLOYMENT,1965-03-01,4.7
UNEMPLOYMENT,1965-02-01,5.1
UNEMPLOYMENT,1965-01-01,4.9
UNEMPLOYMENT,1964-12-01,5.0
UNEMPLOYMENT,1964-11-01,4.8
UNEMPLOYMENT,1964-10-01,5.1
UNEMPLOYMENT,1964-09-01,5.1
UNEMPLOYMENT,1964-08-01,5.0
UNEMPLOYMENT,1964-07-01,4.9
UNEMPLOYMENT,1964-06-01,5.2
UNEMPLOYMENT,1964-05-01,5.1
UNEMPLOYMENT,1964-04-01,5.3
UNEMPLOYMENT,1964-03-01,5.4
UNEMPLOYMENT,1964-02-01,5.4
UNEMPLOYMENT,1964-01-01,5.6
UNEMPLOYMENT,1963-12-01,5.5
UNEMPLOYMENT,1963-11-01,5.7
UNEMPLOYMENT,1963-10-01,5.5
UNEMPLOYMENT,1963-09-01,5.5
UNEMPLOYMENT,1963-08-01,5.4
UNEMPLOYMENT,1963-07-01,5.6
UNEMPLOYMENT,1963-06-01,5.6
UNEMPLOYMENT,1963-05-01,5.9
UNEMPLOYMENT,1963-04-01,5.7
UNEMPLOYMENT,1963-03-01,5.7
UNEMPLOYMENT,1963-02-01,5.9
UNEMPLOYMENT,1963-01-01,5.7
UNEMPLOYMENT,1962-12-01,5.5
UNEMPLOYMENT,1962-11-01,5.7
UNEMPLOYMENT,1962-10-01,5.4
UNEMPLOYMENT,1962-09-01,5.6
UNEMPLOYMENT,1962-08-01,5.7
UNEMPLOYMENT,1962-07-01,5.4
UNEMPLOYMENT,1962-06-01,5.5
UNEMPLOYMENT,1962-05-01,5.5
UNEMPLOYMENT,1962-04-01,5.6
UNEMPLOYMENT,1962-03-01,5.6
UNEMPLOYMENT,1962-02-01,5.5
UNEMPLOYMENT,1962-01-01,5.8
UNEMPLOYMENT,1961-12-01,6.0
UNEMPLOYMENT,1961-11-01,6.1
UNEMPLOYMENT,1961-10-01,6.5
UNEMPLOYMENT,1961-09-01,6.7
UNEMPLOYMENT,1961-08-01,6.6
UNEMPLOYMENT,1961-07-01,7.0
UNEMPLOYMENT,1961-06-01,6.9
UNEMPLOYMENT,1961-05-01,7.1
UNEMPLOYMENT,1961-04-01,7.0
UNEMPLOYMENT,1961-03-01,6.9
UNEMPLOYMENT,1961-02-01,6.9
UNEMPLOYMENT,1961-01-01,6.6
UNEMPLOYMENT,1960-12-01,6.6
UNEMPLOYMENT,1960-11-01,6.1
UNEMPLOYMENT,1960-10-01,6.1
UNEMPLOYMENT,1960-09-01,5.5
UNEMPLOYMENT,1960-08-01,5.6
UNEMPLOYMENT,1960-07-01,5.5
UNEMPLOYMENT,1960-06-01,5.4
UNEMPLOYMENT,1960-05-01,5.1
UNEMPLOYMENT,1960-04-01,5.2
UNEMPLOYMENT,1960-03-01,5.4
UNEMPLOYMENT,1960-02-01,4.8
UNEMPLOYMENT,1960-01-01,5.2
UNEMPLOYMENT,1959-12-01,5.3
UNEMPLOYMENT,1959-11-01,5.8
UNEMPLOYMENT,1959-10-01,5.7
UNEMPLOYMENT,1959-09-01,5.5
UNEMPLOYMENT,1959-08-01,5.2
UNEMPLOYMENT,1959-07-01,5.1
UNEMPLOYMENT,1959-06-01,5.0
UNEMPLOYMENT,1959-05-01,5.1
UNEMPLOYMENT,1959-04-01,5.2
UNEMPLOYMENT,1959-03-01,5.6
UNEMPLOYMENT,1959-02-01,5.9
UNEMPLOYMENT,1959-01-01,6.0
UNEMPLOYMENT,1958-12-01,6.2
UNEMPLOYMENT,1958-11-01,6.2
UNEMPLOYMENT,1958-10-01,6.7
UNEMPLOYMENT,1958-09-01,7.1
UNEMPLOYMENT,1958-08-01,7.4
UNEMPLOYMENT,1958-07-01,7.5
UNEMPLOYMENT,1958-06-01,7.3
UNEMPLOYMENT,1958-05-01,7.4
UNEMPLOYMENT,1958-04-01,7.4
UNEMPLOYMENT,1958-03-01,6.7
UNEMPLOYMENT,1958-02-01,6.4
UNEMPLOYMENT,1958-01-01,5.8
UNEMPLOYMENT,1957-12-01,5.2
UNEMPLOYMENT,1957-11-01,5.1
UNEMPLOYMENT,1957-10-01,4.5
UNEMPLOYMENT,1957-09-01,4.4
UNEMPLOYMENT,1957-08-01,4.1
UNEMPLOYMENT,1957-07-01,4.2
UNEMPLOYMENT,1957-06-01,4.3
UNEMPLOYMENT,1957-05-01,4.1
UNEMPLOYMENT,1957-04-01,3.9
UNEMPLOYMENT,1957-03-01,3.7
UNEMPLOYMENT,1957-02-01,3.9
UNEMPLOYMENT,1957-01-01,4.2
UNEMPLOYMENT,1956-12-01,4.2
UNEMPLOYMENT,1956-11-01,4.3
UNEMPLOYMENT,1956-10-01,3.9
UNEMPLOYMENT,1956-09-01,3.9
UNEMPLOYMENT,1956-08-01,4.1
UNEMPLOYMENT,1956-07-01,4.4
UNEMPLOYMENT,1956-06-01,4.3
UNEMPLOYMENT,1956-05-01,4.3
UNEMPLOYMENT,1956-04-01,4.0
UNEMPLOYMENT,1956-03-01,4.2
UNEMPLOYMENT,1956-02-01,3.9
UNEMPLOYMENT,1956-01-01,4.0
UNEMPLOYMENT,1955-12-01,4.2
UNEMPLOYMENT,1955-11-01,4.2
UNEMPLOYMENT,1955-10-01,4.3
UNEMPLOYMENT,1955-09-01,4.1
UNEMPLOYMENT,1955-08-01,4.2
UNEMPLOYMENT,1955-07-01,4.0
UNEMPLOYMENT,1955-06-01,4.2
UNEMPLOYMENT,1955-05-01,4.3
UNEMPLOYMENT,1955-04-01,4.7
UNEMPLOYMENT,1955-03-01,4.6
UNEMPLOYMENT,1955-02-01,4.7
UNEMPLOYMENT,1955-01-01,4.9
UNEMPLOYMENT,1954-12-01,5.0
UNEMPLOYMENT,1954-11-01,5.3
UNEMPLOYMENT,1954-10-01,5.7
UNEMPLOYMENT,1954-09-01,6.1
UNEMPLOYMENT,1954-08-01,6.0
UNEMPLOYMENT,1954-07-01,5.8
UNEMPLOYMENT,1954-06-01,5.6
UNEMPLOYMENT,1954-05-01,5.9
UNEMPLOYMENT,1954-04-01,5.9
UNEMPLOYMENT,1954-03-01,5.7
UNEMPLOYMENT,1954-02-01,5.2
UNEMPLOYMENT,1954-01-01,4.9
UNEMPLOYMENT,1953-12-01,4.5
UNEMPLOYMENT,1953-11-01,3.5
UNEMPLOYMENT,1953-10-01,3.1
UNEMPLOYMENT,1953-09-01,2.9
UNEMPLOYMENT,1953-08-01,2.7
UNEMPLOYMENT,1953-07-01,2.6
UNEMPLOYMENT,1953-06-01,2.5
UNEMPLOYMENT,1953-05-01,2.5
UNEMPLOYMENT,1953-04-01,2.7
UNEMPLOYMENT,1953-03-01,2.6
UNEMPLOYMENT,1953-02-01,2.6
UNEMPLOYMENT,1953-01-01,2.9
UNEMPLOYMENT,1952-12-01,2.7
UNEMPLOYMENT,1952-11-01,2.8
UNEMPLOYMENT,1952-10-01,3.0
UNEMPLOYMENT,1952-09-01,3.1
UNEMPLOYMENT,1952-08-01,3.4
UNEMPLOYMENT,1952-07-01,3.2
UNEMPLOYMENT,1952-06-01,3.0
UNEMPLOYMENT,1952-05-01,3.0
UNEMPLOYMENT,1952-04-01,2.9
UNEMPLOYMENT,1952-03-01,2.9
UNEMPLOYMENT,1952-02-01,3.1
UNEMPLOYMENT,1952-01-01,3.2
UNEMPLOYMENT,1951-12-01,3.1
UNEMPLOYMENT,1951-11-01,3.5
UNEMPLOYMENT,1951-10-01,3.5
UNEMPLOYMENT,1951-09-01,3.3
UNEMPLOYMENT,1951-08-01,3.1
UNEMPLOYMENT,1951-07-01,3.1
UNEMPLOYMENT,1951-06-01,3.2
UNEMPLOYMENT,1951-05-01,3.0
UNEMPLOYMENT,1951-04-01,3.1
UNEMPLOYMENT,1951-03-01,3.4
UNEMPLOYMENT,1951-02-01,3.4
UNEMPLOYMENT,1951-01-01,3.7
UNEMPLOYMENT,1950-12-01,4.3
UNEMPLOYMENT,1950-11-01,4.2
UNEMPLOYMENT,1950-10-01,4.2
UNEMPLOYMENT,1950-09-01,4.4
UNEMPLOYMENT,1950-08-01,4.5
UNEMPLOYMENT,1950-07-01,5.0
UNEMPLOYMENT,1950-06-01,5.4
UNEMPLOYMENT,1950-05-01,5.5
UNEMPLOYMENT,1950-04-01,5.8
UNEMPLOYMENT,1950-03-01,6.3
UNEMPLOYMENT,1950-02-01,6.4
UNEMPLOYMENT,1950-01-01,6.5
UNEMPLOYMENT,1949-12-01,6.6
UNEMPLOYMENT,1949-11-01,6.4
UNEMPLOYMENT,1949-10-01,7.9
UNEMPLOYMENT,1949-09-01,6.6
UNEMPLOYMENT,1949-08-01,6.8
UNEMPLOYMENT,1949-07-01,6.7
UNEMPLOYMENT,1949-06-01,6.2
UNEMPLOYMENT,1949-05-01,6.1
UNEMPLOYMENT,1949-04-01,5.3
UNEMPLOYMENT,1949-03-01,5.0
UNEMPLOYMENT,1949-02-01,4.7
UNEMPLOYMENT,1949-01-01,4.3
UNEMPLOYMENT,1948-12-01,4.0
UNEMPLOYMENT,1948-11-01,3.8
UNEMPLOYMENT,1948-10-01,3.7
UNEMPLOYMENT,1948-09-01,3.8
UNEMPLOYMENT,1948-08-01,3.9
UNEMPLOYMENT,1948-07-01,3.6
UNEMPLOYMENT,1948-06-01,3.6
UNEMPLOYMENT,1948-05-01,3.5
UNEMPLOYMENT,1948-04-01,3.9
UNEMPLOYMENT,1948-03-01,4.0
UNEMPLOYMENT,1948-02-01,3.8
UNEMPLOYMENT,1948-01-01,3.4
